Book,Line,Hero,Epithet,Lemma,Samforekomst,Enjambement,Speaker,Addressee,Case,Number,Gender,Tense,Voice,Mood,POS,Source,Confidence,Greek
1,242,HEKTOR,ἀνδροφόνοιο,ἀνδροφόνος,,,Achilles,Agamemnon,Gen,Sing,Masc,,,,ADJ,whitelist,high,"τότε δ̓ οὔ τι δυνήσεαι ἀχνύμενός περ χραισμεῖν , εὖτ̓ ἂν πολλοὶ ὑφ̓ Ἕκτορος ἀνδροφόνοιο θνήσκοντες πίπτωσι ·"
2,816,HEKTOR,μέγας κορυθαίολος,μέγας κορυθαίολος,2.817_C5,,,,Nom,Sing,Masc,,,,ADJ+ADJ,whitelist,high,Τρωσὶ μὲν ἡγεμόνευε μέγας κορυθαίολος Ἕκτωρ Πριαμίδης ·
2,817,HEKTOR,Πριαμίδης,Πριαμίδης,2.817_C5,,,,Nom,Sing,Masc,,,,NOUN,whitelist,high,Τρωσὶ μὲν ἡγεμόνευε μέγας κορυθαίολος Ἕκτωρ Πριαμίδης ·
3,83,HEKTOR,κορυθαίολος,κορυθαίολος,,,Agamemnon,Greeks,Nom,Sing,Masc,,,,ADJ,whitelist,high,στεῦται γάρ τι ἔπος ἐρέειν κορυθαίολος Ἕκτωρ .
3,314,HEKTOR,Πριάμοιο πάϊς,παῖς Πριάμοιο,,,,,Nom,Sing,Masc,,,,NOUN+NOUN,whitelist,high,"Ἕκτωρ δὲ Πριάμοιο πάϊς καὶ δῖος Ὀδυσσεὺς χῶρον μὲν πρῶτον διεμέτρεον , αὐτὰρ ἔπειτα κλήρους ἐν κυνέῃ χαλκήρεϊ πάλλον ἑλόντες , ὁππότερος δὴ πρόσθεν ἀφείη χάλκεον ἔγχος . [0] [1]"
3,324,HEKTOR,μέγας κορυθαίολος,μέγας κορυθαίολος,,,,,Nom,Sing,Masc,,,,ADJ+ADJ,whitelist,high,"ὣς ἄῤ ἔφαν , πάλλεν δὲ μέγας κορυθαίολος Ἕκτωρ ἂψ ὁρόων ·"
4,505,HEKTOR,φαίδιμος,φαίδιμος,,,,,Nom,Sing,Masc,,,,ADJ,whitelist,high,χώρησαν δ̓ ὑπό τε πρόμαχοι καὶ φαίδιμος Ἕκτωρ ·
5,211,HEKTOR,δίῳ,δῖος,,,Pandarus,Aeneas,Dat,Sing,Masc,,,,ADJ,whitelist,high,τώ ῥα κακῇ αἴσῃ ἀπὸ πασσάλου ἀγκύλα τόξα ἤματι τῷ ἑλόμην ὅτε Ἴλιον εἰς ἐρατεινὴν ἡγεόμην Τρώεσσι φέρων χάριν Ἕκτορι δίῳ .
5,467,HEKTOR,δίῳ,δῖος,,,Ares-Acamas,Trojans,Dat,Sing,Masc,,,,ADJ,whitelist,high,κεῖται ἀνὴρ ὃν ἶσον ἐτίομεν Ἕκτορι δίῳ Αἰνείας υἱὸς μεγαλήτορος Ἀγχίσαο · [0]
5,471,HEKTOR,δῖον,δῖος,,,,,Acc,Sing,Masc,,,,ADJ,whitelist,high,ἔνθ̓ αὖ Σαρπηδὼν μάλα νείκεσεν Ἕκτορα δῖον ·
5,601,HEKTOR,δῖον,δῖος,,,Diomedes,Greeks,Acc,Sing,Masc,,,,ADJ,whitelist,high,ὦ φίλοι οἷον δὴ θαυμάζομεν Ἕκτορα δῖον αἰχμητήν τ̓ ἔμεναι καὶ θαρσαλέον πολεμιστήν ·
5,680,HEKTOR,μέγας κορυθαίολος,μέγας κορυθαίολος,,,,,Nom,Sing,Masc,,,,ADJ+ADJ,whitelist,high,καί νύ κ̓ ἔτι πλέονας Λυκίων κτάνε δῖος Ὀδυσσεὺς εἰ μὴ ἄῤ ὀξὺ νόησε μέγας κορυθαίολος Ἕκτωρ ·
5,684,HEKTOR,Πριαμίδη,Πριαμίδης,,,Sarpedon,Hector,Voc,Sing,Masc,,,,NOUN,whitelist,review,"Πριαμίδη , μὴ δή με ἕλωρ Δαναοῖσιν ἐάσῃς κεῖσθαι , ἀλλ̓ ἐπάμυνον ·"
5,689,HEKTOR,κορυθαίολος,κορυθαίολος,,,,,Nom,Sing,Masc,,,,ADJ,whitelist,high,"ὣς φάτο , τὸν δ̓ οὔ τι προσέφη κορυθαίολος Ἕκτωρ , ἀλλὰ παρήϊξεν λελιημένος ὄφρα τάχιστα ὤσαιτ̓ Ἀργείους , πολέων δ̓ ἀπὸ θυμὸν ἕλοιτο ."
5,699,HEKTOR,χαλκοκορυστῇ,χαλκοκορυστής,,,,,Dat,Sing,Masc,,,,ADJ,whitelist,high,"Ἀργεῖοι δ̓ ὑπ̓ Ἄρηϊ καὶ Ἕκτορι χαλκοκορυστῇ οὔ τε ποτὲ προτρέποντο μελαινάων ἐπὶ νηῶν οὔ τε ποτ̓ ἀντεφέροντο μάχῃ , ἀλλ̓ αἰὲν ὀπίσσω χάζονθ̓ , ὡς ἐπύθοντο μετὰ Τρώεσσιν Ἄρηα . [0]"
5,704,HEKTOR,Πριάμοιο πάϊς,παῖς Πριάμοιο,,,,,Nom,Sing,Masc,,,,NOUN+NOUN,whitelist,high,ἔνθα τίνα πρῶτον τίνα δ̓ ὕστατον ἐξενάριξαν Ἕκτωρ τε Πριάμοιο πάϊς καὶ χάλκεος Ἄρης ; [0]
6,116,HEKTOR,κορυθαίολος,κορυθαίολος,,,,,Nom,Sing,Masc,,,,ADJ,whitelist,high,ὣς ἄρα φωνήσας ἀπέβη κορυθαίολος Ἕκτωρ ·
6,263,HEKTOR,μέγας κορυθαίολος,μέγας κορυθαίολος,,,,,Nom,Sing,Masc,,,,ADJ+ADJ,whitelist,high,τὴν δ̓ ἠμείβετ̓ ἔπειτα μέγας κορυθαίολος Ἕκτωρ ·
6,318,HEKTOR,φίλος,φίλος,,,,,Nom,Sing,Masc,,,,ADJ,whitelist,high,"ἔνθ̓ Ἕκτωρ εἰσῆλθε Διῒ φίλος , ἐν δ̓ ἄρα χειρὶ ἔγχος ἔχ̓ ἑνδεκάπηχυ ·"
6,342,HEKTOR,κορυθαίολος,κορυθαίολος,,,,,Nom,Sing,Masc,,,,ADJ,whitelist,high,"ὣς φάτο , τὸν δ̓ οὔ τι προσέφη κορυθαίολος Ἕκτωρ ·"
6,359,HEKTOR,μέγας κορυθαίολος,μέγας κορυθαίολος,,,,,Nom,Sing,Masc,,,,ADJ+ADJ,whitelist,high,τὴν δ̓ ἠμείβετ̓ ἔπειτα μέγας κορυθαίολος Ἕκτωρ μή με κάθιζ̓ Ἑλένη φιλέουσά περ ·
6,369,HEKTOR,κορυθαίολος,κορυθαίολος,,,,,Nom,Sing,Masc,,,,ADJ,whitelist,high,ὣς ἄρα φωνήσας ἀπέβη κορυθαίολος Ἕκτωρ ·
6,398,HEKTOR,χαλκοκορυστῇ,χαλκοκορυστής,,,,,Dat,Sing,Masc,,,,ADJ,whitelist,high,τοῦ περ δὴ θυγάτηρ ἔχεθ̓ Ἕκτορι χαλκοκορυστῇ .
6,440,HEKTOR,μέγας κορυθαίολος,μέγας κορυθαίολος,,,,,Nom,Sing,Masc,,,,ADJ+ADJ,whitelist,high,τὴν δ̓ αὖτε προσέειπε μέγας κορυθαίολος Ἕκτωρ ·
6,466,HEKTOR,φαίδιμος,φαίδιμος,,,,,Nom,Sing,Masc,,,,ADJ,whitelist,high,ὣς εἰπὼν οὗ παιδὸς ὀρέξατο φαίδιμος Ἕκτωρ ·
6,472,HEKTOR,φαίδιμος,φαίδιμος,,,,,Nom,Sing,Masc,,,,ADJ,whitelist,high,"αὐτίκ̓ ἀπὸ κρατὸς κόρυθ̓ εἵλετο φαίδιμος Ἕκτωρ , καὶ τὴν μὲν κατέθηκεν ἐπὶ χθονὶ παμφανόωσαν ·"
6,494,HEKTOR,φαίδιμος,φαίδιμος,,,,,Nom,Sing,Masc,,,,ADJ,whitelist,high,ὣς ἄρα φωνήσας κόρυθ̓ εἵλετο φαίδιμος Ἕκτωρ ἵππουριν ·
6,498,HEKTOR,ἀνδροφόνοιο,ἀνδροφόνος,,,,,Gen,Sing,Masc,,,,ADJ,whitelist,high,"αἶψα δ̓ ἔπειθ̓ ἵκανε δόμους εὖ ναιετάοντας Ἕκτορος ἀνδροφόνοιο , κιχήσατο δ̓ ἔνδοθι πολλὰς ἀμφιπόλους , τῇσιν δὲ γόον πάσῃσιν ἐνῶρσεν ."
6,515,HEKTOR,δῖον,δῖος,,,,,Acc,Sing,Masc,,,,ADJ,whitelist,high,αἶψα δ̓ ἔπειτα Ἕκτορα δῖον ἔτετμεν ἀδελφεὸν εὖτ̓ ἄῤ ἔμελλε στρέψεσθ̓ ἐκ χώρης ὅθι ᾗ ὀάριζε γυναικί . [0]
6,520,HEKTOR,κορυθαίολος,κορυθαίολος,,,,,Nom,Sing,Masc,,,,ADJ,whitelist,high,τὸν δ̓ ἀπαμειβόμενος προσέφη κορυθαίολος Ἕκτωρ ·
7,1,HEKTOR,φαίδιμος,φαίδιμος,,,,,Nom,Sing,Masc,,,,ADJ,whitelist,high,"ὣς εἰπὼν πυλέων ἐξέσσυτο φαίδιμος Ἕκτωρ , τῷ δ̓ ἅμ̓ Ἀλέξανδρος κί̓ ἀδελφεός ·"
7,38,HEKTOR,ἱπποδάμοιο,ἱππόδαμος,,,Apollo,Athena,Gen,Sing,Masc,,,,ADJ,whitelist,high,"Ἕκτορος ὄρσωμεν κρατερὸν μένος ἱπποδάμοιο , ἤν τινά που Δαναῶν προκαλέσσεται οἰόθεν οἶος ἀντίβιον μαχέσασθαι ἐν αἰνῇ δηϊοτῆτι , οἳ δέ κ̓ ἀγασσάμενοι χαλκοκνήμιδες Ἀχαιοὶ οἶον ἐπόρσειαν πολεμίζειν Ἕκτορι δίῳ . [0]"
7,42,HEKTOR,δίῳ,δῖος,,,Apollo,Athena,Dat,Sing,Masc,,,,ADJ,whitelist,high,"Ἕκτορος ὄρσωμεν κρατερὸν μένος ἱπποδάμοιο , ἤν τινά που Δαναῶν προκαλέσσεται οἰόθεν οἶος ἀντίβιον μαχέσασθαι ἐν αἰνῇ δηϊοτῆτι , οἳ δέ κ̓ ἀγασσάμενοι χαλκοκνήμιδες Ἀχαιοὶ οἶον ἐπόρσειαν πολεμίζειν Ἕκτορι δίῳ . [0]"
7,47,HEKTOR,υἱὲ Πριάμοιο,υἱὸς Πριάμοιο,7.47_C6,,Helenus,Hector,Voc,Sing,Masc,,,,NOUN+NOUN,whitelist,high,"Ἕκτορ υἱὲ Πριάμοιο Διὶ μῆτιν ἀτάλαντε ἦ ῥά νύ μοί τι πίθοιο , κασίγνητος δέ τοί εἰμι · [0]"
7,47,HEKTOR,ἀτάλαντε,ἀτάλαντος,7.47_C6,,Helenus,Hector,Voc,Sing,Masc,,,,ADJ,whitelist,high,"Ἕκτορ υἱὲ Πριάμοιο Διὶ μῆτιν ἀτάλαντε ἦ ῥά νύ μοί τι πίθοιο , κασίγνητος δέ τοί εἰμι · [0]"
7,75,HEKTOR,δίῳ,δῖος,,,Hector,Greeks; Trojans,Dat,Sing,Masc,,,,ADJ,whitelist,high,τῶν νῦν ὅν τινα θυμὸς ἐμοὶ μαχέσασθαι ἀνώγει δεῦῤ ἴτω ἐκ πάντων πρόμος ἔμμεναι Ἕκτορι δίῳ .
7,90,HEKTOR,φαίδιμος,φαίδιμος,,,someone,someone,Nom,Sing,Masc,,,,ADJ,whitelist,high,"ἀνδρὸς μὲν τόδε σῆμα πάλαι κατατεθνηῶτος , ὅν ποτ̓ ἀριστεύοντα κατέκτανε φαίδιμος Ἕκτωρ . [0]"
7,111,HEKTOR,ἀμείνονι,ἀμείνων,7.112_C7,ja,Agamemnon,Menelaus,Dat,Sing,,,,,ADJ,auto-detected,high,"ἀνὰ δὲ σχέο κηδόμενός περ , μη δ̓ ἔθελ̓ ἐξ ἔριδος σεῦ ἀμείνονι φωτὶ μάχεσθαι Ἕκτορι Πριαμίδῃ , τόν τε στυγέουσι καὶ ἄλλοι . [0]"
7,112,HEKTOR,Πριαμίδῃ,Πριαμίδης,7.112_C7,,Agamemnon,Menelaus,Dat,Sing,Masc,,,,NOUN,whitelist,high,"ἀνὰ δὲ σχέο κηδόμενός περ , μη δ̓ ἔθελ̓ ἐξ ἔριδος σεῦ ἀμείνονι φωτὶ μάχεσθαι Ἕκτορι Πριαμίδῃ , τόν τε στυγέουσι καὶ ἄλλοι . [0]"
7,158,HEKTOR,κορυθαίολος,κορυθαίολος,,,Nestor,Greeks,Nom,Sing,Masc,,,,ADJ,whitelist,high,τώ κε τάχ̓ ἀντήσειε μάχης κορυθαίολος Ἕκτωρ .
7,169,HEKTOR,δίῳ,δῖος,,,,,Dat,Sing,Masc,,,,ADJ,whitelist,high,πάντες ἄῤ οἵ γ̓ ἔθελον πολεμίζειν Ἕκτορι δίῳ .
7,192,HEKTOR,δῖον,δῖος,,,Aias (son of Telamon),Greeks,Acc,Sing,Masc,,,,ADJ,whitelist,high,"ὦ φίλοι ἤτοι κλῆρος ἐμός , χαίρω δὲ καὶ αὐτὸς θυμῷ , ἐπεὶ δοκέω νικησέμεν Ἕκτορα δῖον . [0]"
7,233,HEKTOR,μέγας κορυθαίολος,μέγας κορυθαίολος,,,,,Nom,Sing,Masc,,,,ADJ+ADJ,whitelist,high,τὸν δ̓ αὖτε προσέειπε μέγας κορυθαίολος Ἕκτωρ ·
7,250,HEKTOR,Πριαμίδαο,Πριαμίδης,,,,,Gen,Sing,Masc,,,,NOUN,whitelist,review,"δεύτερος αὖτε Αἴας διογενὴς προΐει δολιχόσκιον ἔγχος , καὶ βάλε Πριαμίδαο κατ̓ ἀσπίδα πάντοσ̓ ἐΐσην ."
7,258,HEKTOR,Πριαμίδης,Πριαμίδης,,,,,Nom,Sing,Masc,,,,NOUN,whitelist,review,"Πριαμίδης μὲν ἔπειτα μέσον σάκος οὔτασε δουρί , οὐ δ̓ ἔρρηξεν χαλκός , ἀνεγνάμφθη δέ οἱ αἰχμή ."
7,263,HEKTOR,κορυθαίολος,κορυθαίολος,,,,,Nom,Sing,Masc,,,,ADJ,whitelist,high,"ἣ δὲ διαπρὸ ἤλυθεν ἐγχείη , στυφέλιξε δέ μιν μεμαῶτα , τμήδην δ̓ αὐχέν̓ ἐπῆλθε , μέλαν δ̓ ἀνεκήκιεν αἷμα , ἀλλ̓ οὐ δ̓ ὧς ἀπέληγε μάχης κορυθαίολος Ἕκτωρ , ἀλλ̓ ἀναχασσάμενος λίθον εἵλετο χειρὶ παχείῃ κείμενον ἐν πεδίῳ μέλανα τρηχύν τε μέγαν τε ·"
7,287,HEKTOR,μέγας κορυθαίολος,μέγας κορυθαίολος,,,,,Nom,Sing,Masc,,,,ADJ+ADJ,whitelist,high,τὸν δ̓ αὖτε προσέειπε μέγας κορυθαίολος Ἕκτωρ ·
8,89,HEKTOR,θρασὺν,θρασύς,,ja,,,Acc,Sing,Masc,,,,ADJ,whitelist,high,"ὄφῤ ὁ γέρων ἵπποιο παρηορίας ἀπέταμνε φασγάνῳ ἀΐσσων , τόφῤ Ἕκτορος ὠκέες ἵπποι ἦλθον ἀν̓ ἰωχμὸν θρασὺν ἡνίοχον φορέοντες Ἕκτορα · [0]"
8,160,HEKTOR,μέγας κορυθαίολος,μέγας κορυθαίολος,,,,,Nom,Sing,Masc,,,,ADJ+ADJ,whitelist,high,τῷ δ̓ ἐπὶ μακρὸν ἄϋσε μέγας κορυθαίολος Ἕκτωρ ·
8,215,HEKTOR,ἀτάλαντος,ἀτάλαντος,8.216_C8,ja,,,Nom,Sing,Masc,,,,ADJ,whitelist,high,"εἴλει δὲ θοῷ ἀτάλαντος Ἄρηϊ Ἕκτωρ Πριαμίδης , ὅτε οἱ Ζεὺς κῦδος ἔδωκε ."
8,216,HEKTOR,Πριαμίδης,Πριαμίδης,8.216_C8,,,,Nom,Sing,Masc,,,,NOUN,whitelist,high,"εἴλει δὲ θοῷ ἀτάλαντος Ἄρηϊ Ἕκτωρ Πριαμίδης , ὅτε οἱ Ζεὺς κῦδος ἔδωκε ."
8,324,HEKTOR,κορυθαίολος,κορυθαίολος,,,,,Nom,Sing,Masc,,,,ADJ,whitelist,high,"τὸν δ̓ αὖ κορυθαίολος Ἕκτωρ αὐερύοντα παῤ ὦμον , ὅθι κληῒς ἀποέργει αὐχένα τε στῆθός τε , μάλιστα δὲ καίριόν ἐστι , τῇ ῥ̓ ἐπὶ οἷ μεμαῶτα βάλεν λίθῳ ὀκριόεντι , ῥῆξε δέ οἱ νευρήν ·"
8,356,HEKTOR,Πριαμίδης,Πριαμίδης,,,Hera,Athena,Nom,Sing,Masc,,,,NOUN,whitelist,high,"οἵ κεν δὴ κακὸν οἶτον ἀναπλήσαντες ὄλωνται ἀνδρὸς ἑνὸς ῥιπῇ , ὃ δὲ μαίνεται οὐκέτ̓ ἀνεκτῶς Ἕκτωρ Πριαμίδης , καὶ δὴ κακὰ πολλὰ ἔοργε . [0]"
8,377,HEKTOR,Πριάμοιο πάϊς,παῖς Πριάμοιο,8.377_C9,,Athena,Hera,Nom,Sing,Masc,,,,NOUN+NOUN,whitelist,high,"ἀλλὰ σὰ μὲν νῦν νῶϊν ἐπέντυε μώνυχας ἵππους , ὄφῤ ἂν ἐγὼ καταδῦσα Διὸς δόμον αἰγιόχοιο τεύχεσιν ἐς πόλεμον θωρήξομαι , ὄφρα ἴδωμαι ἢ νῶϊ Πριάμοιο πάϊς κορυθαίολος Ἕκτωρ γηθήσει προφανέντε ἀνὰ πτολέμοιο γεφύρας , ἦ τις καὶ Τρώων κορέει κύνας ἠδ̓ οἰωνοὺς δημῷ καὶ σάρκεσσι , πεσὼν ἐπὶ νηυσὶν Ἀχαιῶν . [0]"
8,377,HEKTOR,κορυθαίολος,κορυθαίολος,8.377_C9,,Athena,Hera,Nom,Sing,Masc,,,,ADJ,whitelist,high,"ἀλλὰ σὰ μὲν νῦν νῶϊν ἐπέντυε μώνυχας ἵππους , ὄφῤ ἂν ἐγὼ καταδῦσα Διὸς δόμον αἰγιόχοιο τεύχεσιν ἐς πόλεμον θωρήξομαι , ὄφρα ἴδωμαι ἢ νῶϊ Πριάμοιο πάϊς κορυθαίολος Ἕκτωρ γηθήσει προφανέντε ἀνὰ πτολέμοιο γεφύρας , ἦ τις καὶ Τρώων κορέει κύνας ἠδ̓ οἰωνοὺς δημῷ καὶ σάρκεσσι , πεσὼν ἐπὶ νηυσὶν Ἀχαιῶν . [0]"
8,473,HEKTOR,ὄβριμος,ὄβριμος,,,Zeus,Hera,Nom,Sing,Masc,,,,ADJ,whitelist,high,"οὐ γὰρ πρὶν πολέμου ἀποπαύσεται ὄβριμος Ἕκτωρ πρὶν ὄρθαι παρὰ ναῦφι ποδώκεα Πηλεΐωνα , ἤματι τῷ ὅτ̓ ἂν οἳ μὲν ἐπὶ πρύμνῃσι μάχωνται στείνει ἐν αἰνοτάτῳ περὶ Πατρόκλοιο θανόντος ·"
8,489,HEKTOR,φαίδιμος,φαίδιμος,,,,,Nom,Sing,Masc,,,,ADJ,whitelist,high,"Τρώων αὖτ̓ ἀγορὴν ποιήσατο φαίδιμος Ἕκτωρ νόσφι νεῶν ἀγαγὼν ποταμῷ ἔπι δινήεντι , ἐν καθαρῷ ὅθι δὴ νεκύων διεφαίνετο χῶρος ."
8,493,HEKTOR,φίλος,φίλος,,,,,Nom,Sing,Masc,,,,ADJ,whitelist,high,ἐξ ἵππων δ̓ ἀποβάντες ἐπὶ χθόνα μῦθον ἄκουον τόν ῥ̓ Ἕκτωρ ἀγόρευε Διῒ φίλος ·
9,351,HEKTOR,ἀνδροφόνοιο,ἀνδροφόνος,,,Achilles,Odysseus,Gen,Sing,Masc,,,,ADJ,whitelist,high,ἀλλ̓ οὐ δ̓ ὧς δύναται σθένος Ἕκτορος ἀνδροφόνοιο ἴσχειν ·
9,356,HEKTOR,δίῳ,δῖος,,,Achilles,Odysseus,Dat,Sing,Masc,,,,ADJ,whitelist,high,"νῦν δ̓ ἐπεὶ οὐκ ἐθέλω πολεμιζέμεν Ἕκτορι δίῳ αὔριον ἱρὰ Διὶ ῥέξας καὶ πᾶσι θεοῖσι νηήσας εὖ νῆας , ἐπὴν ἅλα δὲ προερύσσω , ὄψεαι , αἴ κ̓ ἐθέλῃσθα καὶ αἴ κέν τοι τὰ μεμήλῃ , ἦρι μάλ̓ Ἑλλήσποντον ἐπ̓ ἰχθυόεντα πλεούσας νῆας ἐμάς , ἐν δ̓ ἄνδρας ἐρεσσέμεναι μεμαῶτας · [0]"
9,651,HEKTOR,υἱὸν Πριάμοιο δαΐφρονος,υἱὸς Πριάμοιο δαΐφρονος,9.651_C10,,Achilles,Aias (son of Telamon),Acc,Sing,Masc,,,,NOUN+NOUN+ADJ,whitelist,high,"οὐ γὰρ πρὶν πολέμοιο μεδήσομαι αἱματόεντος πρίν γ̓ υἱὸν Πριάμοιο δαΐφρονος Ἕκτορα δῖον Μυρμιδόνων ἐπί τε κλισίας καὶ νῆας ἱκέσθαι κτείνοντ̓ Ἀργείους , κατά τε σμῦξαι πυρὶ νῆας . [0]"
9,651,HEKTOR,δῖον,δῖος,9.651_C10,,Achilles,Aias (son of Telamon),Acc,Sing,Masc,,,,ADJ,whitelist,high,"οὐ γὰρ πρὶν πολέμοιο μεδήσομαι αἱματόεντος πρίν γ̓ υἱὸν Πριάμοιο δαΐφρονος Ἕκτορα δῖον Μυρμιδόνων ἐπί τε κλισίας καὶ νῆας ἱκέσθαι κτείνοντ̓ Ἀργείους , κατά τε σμῦξαι πυρὶ νῆας . [0]"
10,49,HEKTOR,φίλος,φίλος,,,Agamemnon,Menelaus,Nom,Sing,Masc,,,,ADJ,whitelist,high,"οὐ γάρ πω ἰδόμην , οὐ δ̓ ἔκλυον αὐδήσαντος ἄνδῤ ἕνα τοσσάδε μέρμεῤ ἐπ̓ ἤματι μητίσασθαι , ὅσσ̓ Ἕκτωρ ἔρρεξε Διῒ φίλος υἷας Ἀχαιῶν αὔτως , οὔ τε θεᾶς υἱὸς φίλος οὔ τε θεοῖο . [0]"
10,200,HEKTOR,ὄβριμος,ὄβριμος,,,,,Nom,Sing,Masc,,,,ADJ,whitelist,high,"ὅθεν αὖτις ἀπετράπετ̓ ὄβριμος Ἕκτωρ ὀλλὺς Ἀργείους , ὅτε δὴ περὶ νὺξ ἐκάλυψεν . [0]"
10,406,HEKTOR,ποιμένα λαῶν,ποιμὴν λαῶν,,,Odysseus,Dolon,Acc,Sing,Masc,,,,NOUN+NOUN,whitelist,high,ποῦ νῦν δεῦρο κιὼν λίπες Ἕκτορα ποιμένα λαῶν ;
11,57,HEKTOR,μέγαν,μέγας,,,,,Acc,Sing,Masc,,,,ADJ,whitelist,high,"Τρῶες δ̓ αὖθ̓ ἑτέρωθεν ἐπὶ θρωσμῷ πεδίοιο Ἕκτορά τ̓ ἀμφὶ μέγαν καὶ ἀμύμονα Πουλυδάμαντα Αἰνείαν θ̓ , ὃς Τρωσὶ θεὸς ὣς τίετο δήμῳ , τρεῖς τ̓ Ἀντηνορίδας Πόλυβον καὶ Ἀγήνορα δῖον ἠΐθεόν τ̓ Ἀκάμαντ̓ ἐπιείκελον ἀθανάτοισιν . [0] [1] [2]"
11,197,HEKTOR,υἱὸν Πριάμοιο δαΐφρονος,υἱὸς Πριάμοιο δαΐφρονος,11.197_C1,,,,Acc,Sing,Masc,,,,NOUN+NOUN+ADJ,whitelist,high,εὗῤ υἱὸν Πριάμοιο δαΐφρονος Ἕκτορα δῖον ἑσταότ̓ ἔν θ̓ ἵπποισι καὶ ἅρμασι κολλητοῖσιν · [0]
11,197,HEKTOR,δῖον,δῖος,11.197_C1,,,,Acc,Sing,Masc,,,,ADJ,whitelist,high,εὗῤ υἱὸν Πριάμοιο δαΐφρονος Ἕκτορα δῖον ἑσταότ̓ ἔν θ̓ ἵπποισι καὶ ἅρμασι κολλητοῖσιν · [0]
11,200,HEKTOR,υἱὲ Πριάμοιο,υἱὸς Πριάμοιο,11.200_C2,,Iris,Hector,Voc,Sing,Masc,,,,NOUN+NOUN,whitelist,high,Ἕκτορ υἱὲ Πριάμοιο Διὶ μῆτιν ἀτάλαντε Ζεύς με πατὴρ προέηκε τεῒν τάδε μυθήσασθαι . [0]
11,200,HEKTOR,ἀτάλαντε,ἀτάλαντος,11.200_C2,,Iris,Hector,Voc,Sing,Masc,,,,ADJ,whitelist,high,Ἕκτορ υἱὲ Πριάμοιο Διὶ μῆτιν ἀτάλαντε Ζεύς με πατὴρ προέηκε τεῒν τάδε μυθήσασθαι . [0]
11,295,HEKTOR,Πριαμίδης,Πριαμίδης,,,,,Nom,Sing,Masc,,,,NOUN,whitelist,high,"ὡς δ̓ ὅτε πού τις θηρητὴρ κύνας ἀργιόδοντας σεύῃ ἐπ̓ ἀγροτέρῳ συῒ καπρίῳ ἠὲ λέοντι , ὣς ἐπ̓ Ἀχαιοῖσιν σεῦε Τρῶας μεγαθύμους Ἕκτωρ Πριαμίδης βροτολοιγῷ ἶσος Ἄρηϊ . [0]"
11,300,HEKTOR,Πριαμίδης,Πριαμίδης,,,,,Nom,Sing,Masc,,,,NOUN,whitelist,high,"ἔνθα τίνα πρῶτον , τίνα δ̓ ὕστατον ἐξενάριξεν Ἕκτωρ Πριαμίδης , ὅτε οἱ Ζεὺς κῦδος ἔδωκεν ; [0]"
11,315,HEKTOR,κορυθαίολος,κορυθαίολος,,,Odysseus,Diomedes,Nom,Sing,Masc,,,,ADJ,whitelist,high,δὴ γὰρ ἔλεγχος ἔσσεται εἴ κεν νῆας ἕλῃ κορυθαίολος Ἕκτωρ .
11,327,HEKTOR,δῖον,δῖος,,,,,Acc,Sing,Masc,,,,ADJ,whitelist,high,αὐτὰρ Ἀχαιοὶ ἀσπασίως φεύγοντες ἀνέπνεον Ἕκτορα δῖον .
11,347,HEKTOR,ὄβριμος,ὄβριμος,,,Diomedes,Odysseus,Nom,Sing,Masc,,,,ADJ,whitelist,high,νῶϊν δὴ τόδε πῆμα κυλίνδεται ὄβριμος Ἕκτωρ · [0]
11,820,HEKTOR,πελώριον,πελώριος,,,Patroclus,Eurypylus,Acc,Sing,Masc,,,,ADJ,whitelist,high,"ἀλλ̓ ἄγε μοι τόδε εἰπὲ διοτρεφὲς Εὐρύπυλ̓ ἥρως , ἤ ῥ̓ ἔτι που σχήσουσι πελώριον Ἕκτοῤ Ἀχαιοί , ἦ ἤδη φθίσονται ὑπ̓ αὐτοῦ δουρὶ δαμέντες ;"
12,39,HEKTOR,κρατερὸν,κρατερός,12.39_C3,,,,Acc,Sing,Masc,,,,ADJ,whitelist,high,"Ἀργεῖοι δὲ Διὸς μάστιγι δαμέντες νηυσὶν ἔπι γλαφυρῇσιν ἐελμένοι ἰσχανόωντο Ἕκτορα δειδιότες , κρατερὸν μήστωρα φόβοιο ·"
12,39,HEKTOR,μήστωρα,μήστωρ,12.39_C3,,,,Acc,Sing,Masc,,,,NOUN,whitelist,high,"Ἀργεῖοι δὲ Διὸς μάστιγι δαμέντες νηυσὶν ἔπι γλαφυρῇσιν ἐελμένοι ἰσχανόωντο Ἕκτορα δειδιότες , κρατερὸν μήστωρα φόβοιο ·"
12,60,HEKTOR,θρασὺν,θρασύς,,,,,Acc,Sing,Masc,,,,ADJ,whitelist,high,δὴ τότε Πουλυδάμας θρασὺν Ἕκτορα εἶπε παραστάς ·
12,83,HEKTOR,δῖον,δῖος,,,,,Acc,Sing,Masc,,,,ADJ,whitelist,high,"οὐ δὲ μὲν ἄλλοι Τρῶες ἐφ̓ ἵππων ἠγερέθοντο , ἀλλ̓ ἀπὸ πάντες ὄρουσαν , ἐπεὶ ἴδον Ἕκτορα δῖον ."
12,210,HEKTOR,θρασὺν,θρασύς,,,,,Acc,Sing,Masc,,,,ADJ,whitelist,high,δὴ τότε Πουλυδάμας θρασὺν Ἕκτορα εἶπε παραστάς ·
12,230,HEKTOR,κορυθαίολος,κορυθαίολος,,,,,Nom,Sing,Masc,,,,ADJ,whitelist,high,τὸν δ̓ ἄῤ ὑπόδρα ἰδὼν προσέφη κορυθαίολος Ἕκτωρ ·
12,290,HEKTOR,φαίδιμος,φαίδιμος,,,,,Nom,Sing,Masc,,,,ADJ,whitelist,high,"οὐ δ̓ ἄν πω τότε γε Τρῶες καὶ φαίδιμος Ἕκτωρ τείχεος ἐρρήξαντο πύλας καὶ μακρὸν ὀχῆα , εἰ μὴ ἄῤ υἱὸν ἑὸν Σαρπηδόνα μητίετα Ζεὺς ὦρσεν ἐπ̓ Ἀργείοισι λέονθ̓ ὣς βουσὶν ἕλιξιν . [0] [1]"
12,438,HEKTOR,Πριαμίδῃ,Πριαμίδης,,,,,Dat,Sing,Masc,,,,NOUN,whitelist,high,"ὣς μὲν τῶν ἐπὶ ἶσα μάχη τέτατο πτόλεμός τε , πρίν γ̓ ὅτε δὴ Ζεὺς κῦδος ὑπέρτερον Ἕκτορι δῶκε Πριαμίδῃ , ὃς πρῶτος ἐσήλατο τεῖχος Ἀχαιῶν ."
12,462,HEKTOR,φαίδιμος,φαίδιμος,,,,,Nom,Sing,Masc,,,,ADJ,whitelist,high,ὃ δ̓ ἄῤ ἔσθορε φαίδιμος Ἕκτωρ νυκτὶ θοῇ ἀτάλαντος ὑπώπια · [0]
13,40,HEKTOR,Πριαμίδῃ,Πριαμίδης,,,,,Dat,Sing,Masc,,,,NOUN,whitelist,high,Τρῶες δὲ φλογὶ ἶσοι ἀολλέες ἠὲ θυέλλῃ Ἕκτορι Πριαμίδῃ ἄμοτον μεμαῶτες ἕποντο ἄβρομοι αὐΐαχοι · [0]
13,80,HEKTOR,Πριαμίδῃ,Πριαμίδης,,,Aias (son of Telamon),Aias (son of Oileus),Dat,Sing,Masc,,,,NOUN,whitelist,high,μενοινώω δὲ καὶ οἶος Ἕκτορι Πριαμίδῃ ἄμοτον μεμαῶτι μάχεσθαι .
13,123,HEKTOR,βοὴν ἀγαθὸς,βοὴν ἀγαθός,,,Poseidon-Calchas,Greeks,Nom,Sing,Masc,,,,NOUN+ADJ,whitelist,high,"Ἕκτωρ δὴ παρὰ νηυσὶ βοὴν ἀγαθὸς πολεμίζει καρτερός , ἔρρηξεν δὲ πύλας καὶ μακρὸν ὀχῆα ."
13,129,HEKTOR,δῖον,δῖος,,,,,Acc,Sing,Masc,,,,ADJ,whitelist,high,"οἳ γὰρ ἄριστοι κρινθέντες Τρῶάς τε καὶ Ἕκτορα δῖον ἔμιμνον , φράξαντες δόρυ δουρί , σάκος σάκεϊ προθελύμνῳ · [0]"
13,316,HEKTOR,Πριαμίδην,Πριαμίδης,,,Idomeneus,Meriones,Acc,Sing,Masc,,,,NOUN,whitelist,high,"οἵ μιν ἅδην ἐλόωσι καὶ ἐσσύμενον πολέμοιο Ἕκτορα Πριαμίδην , καὶ εἰ μάλα καρτερός ἐστιν . [0]"
13,674,HEKTOR,φίλος,φίλος,,,,,Nom,Sing,Masc,,,,ADJ,whitelist,high,"Ἕκτωρ δ̓ οὐκ ἐπέπυστο Διῒ φίλος , οὐ δέ τι ᾔδη ὅττί ῥά οἱ νηῶν ἐπ̓ ἀριστερὰ δηϊόωντο λαοὶ ὑπ̓ Ἀργείων ."
13,688,HEKTOR,δῖον,δῖος,,,,,Acc,Sing,Masc,,,,ADJ,whitelist,high,"ἔνθα δὲ Βοιωτοὶ καὶ Ἰάονες ἑλκεχίτωνες Λοκροὶ καὶ Φθῖοι καὶ φαιδιμόεντες Ἐπειοὶ σπουδῇ ἐπαΐσσοντα νεῶν ἔχον , οὐ δὲ δύναντο ὦσαι ἀπὸ σφείων φλογὶ εἴκελον Ἕκτορα δῖον οἳ μὲν Ἀθηναίων προλελεγμένοι · [0]"
13,720,HEKTOR,χαλκοκορυστῇ,χαλκοκορυστής,,,,,Dat,Sing,Masc,,,,ADJ,whitelist,high,"δή ῥα τόθ̓ οἳ μὲν πρόσθε σὺν ἔντεσι δαιδαλέοισι μάρναντο Τρωσίν τε καὶ Ἕκτορι χαλκοκορυστῇ , οἳ δ̓ ὄπιθεν βάλλοντες ἐλάνθανον ·"
13,725,HEKTOR,θρασὺν,θρασύς,,,,,Acc,Sing,Masc,,,,ADJ,whitelist,high,"ἔνθά κε λευγαλέως νηῶν ἄπο καὶ κλισιάων Τρῶες ἐχώρησαν προτὶ Ἴλιον ἠνεμόεσσαν , εἰ μὴ Πουλυδάμας θρασὺν Ἕκτορα εἶπε παραστάς ·"
13,803,HEKTOR,Πριαμίδης,Πριαμίδης,,,,,Nom,Sing,Masc,,,,NOUN,whitelist,high,Ἕκτωρ δ̓ ἡγεῖτο βροτολοιγῷ ἶσος Ἄρηϊ Πριαμίδης ·
13,823,HEKTOR,φαίδιμος,φαίδιμος,,,,,Nom,Sing,Masc,,,,ADJ,whitelist,high,ὃ δ̓ ἀμείβετο φαίδιμος Ἕκτωρ ·
14,44,HEKTOR,ὄβριμος,ὄβριμος,,,Agamemnon,Nestor,Nom,Sing,Masc,,,,ADJ,whitelist,high,"δείδω μὴ δή μοι τελέσῃ ἔπος ὄβριμος Ἕκτωρ , ὥς ποτ̓ ἐπηπείλησεν ἐνὶ Τρώεσσ̓ ἀγορεύων μὴ πρὶν πὰρ νηῶν προτὶ Ἴλιον ἀπονέεσθαι πρὶν πυρὶ νῆας ἐνιπρῆσαι , κτεῖναι δὲ καὶ αὐτούς ."
14,365,HEKTOR,Πριαμίδῃ,Πριαμίδης,,,Poseidon,Greeks,Dat,Sing,Masc,,,,NOUN,whitelist,high,"Ἀργεῖοι καὶ δ̓ αὖτε μεθίεμεν Ἕκτορι νίκην Πριαμίδῃ , ἵνα νῆας ἕλῃ καὶ κῦδος ἄρηται ;"
14,375,HEKTOR,Πριαμίδην,Πριαμίδης,,,Poseidon,Greeks,Acc,Sing,Masc,,,,NOUN,whitelist,high,"αὐτὰρ ἐγὼν ἡγήσομαι , οὐ δ̓ ἔτι φημὶ Ἕκτορα Πριαμίδην μενέειν μάλα περ μεμαῶτα ."
14,388,HEKTOR,φαίδιμος,φαίδιμος,,,,,Nom,Sing,Masc,,,,ADJ,whitelist,high,Τρῶας δ̓ αὖθ̓ ἑτέρωθεν ἐκόσμει φαίδιμος Ἕκτωρ .
14,390,HEKTOR,φαίδιμος,φαίδιμος,,,,,Nom,Sing,Masc,,,,ADJ,whitelist,high,"δή ῥα τότ̓ αἰνοτάτην ἔριδα πτολέμοιο τάνυσσαν κυανοχαῖτα Ποσειδάων καὶ φαίδιμος Ἕκτωρ , ἤτοι ὃ μὲν Τρώεσσιν , ὃ δ̓ Ἀργείοισιν ἀρήγων . [0]"
14,402,HEKTOR,φαίδιμος,φαίδιμος,,,,,Nom,Sing,Masc,,,,ADJ,whitelist,high,"Αἴαντος δὲ πρῶτος ἀκόντισε φαίδιμος Ἕκτωρ ἔγχει , ἐπεὶ τέτραπτο πρὸς ἰθύ οἱ , οὐ δ̓ ἀφάμαρτε , τῇ ῥα δύω τελαμῶνε περὶ στήθεσσι τετάσθην , ἤτοι ὃ μὲν σάκεος , ὃ δὲ φασγάνου ἀργυροήλου ·"
15,15,HEKTOR,δῖον,δῖος,,,Zeus,Hera,Acc,Sing,Masc,,,,ADJ,whitelist,high,"ἦ μάλα δὴ κακότεχνος ἀμήχανε σὸς δόλος Ἥρη Ἕκτορα δῖον ἔπαυσε μάχης , ἐφόβησε δὲ λαούς ."
15,65,HEKTOR,φαίδιμος,φαίδιμος,,,Zeus,Hera,Nom,Sing,Masc,,,,ADJ,whitelist,high,"τὸν δὲ κτενεῖ ἔγχεϊ φαίδιμος Ἕκτωρ Ἰλίου προπάροιθε πολέας ὀλέσαντ̓ αἰζηοὺς τοὺς ἄλλους , μετὰ δ̓ υἱὸν ἐμὸν Σαρπηδόνα δῖον . [0]"
15,221,HEKTOR,χαλκοκορυστήν,χαλκοκορυστής,,,Zeus,Apollo,Acc,Sing,Masc,,,,ADJ,whitelist,high,ἔρχεο νῦν φίλε Φοῖβε μεθ̓ Ἕκτορα χαλκοκορυστήν ·
15,231,HEKTOR,φαίδιμος,φαίδιμος,,,Zeus,Apollo,Nom,Sing,Masc,,,,ADJ,whitelist,high,σοὶ δ̓ αὐτῷ μελέτω ἑκατηβόλε φαίδιμος Ἕκτωρ ·
15,239,HEKTOR,υἱὸν Πριάμοιο δαΐφρονος,υἱὸς Πριάμοιο δαΐφρονος,15.239_C4,,,,Acc,Sing,Masc,,,,NOUN+NOUN+ADJ,whitelist,high,"εὗῤ υἱὸν Πριάμοιο δαΐφρονος Ἕκτορα δῖον ἥμενον , οὐ δ̓ ἔτι κεῖτο , νέον δ̓ ἐσαγείρετο θυμόν , ἀμφὶ ἓ γιγνώσκων ἑτάρους ·"
15,239,HEKTOR,δῖον,δῖος,15.239_C4,,,,Acc,Sing,Masc,,,,ADJ,whitelist,high,"εὗῤ υἱὸν Πριάμοιο δαΐφρονος Ἕκτορα δῖον ἥμενον , οὐ δ̓ ἔτι κεῖτο , νέον δ̓ ἐσαγείρετο θυμόν , ἀμφὶ ἓ γιγνώσκων ἑτάρους ·"
15,244,HEKTOR,υἱὲ Πριάμοιο,υἱὸς Πριάμοιο,,,Apollo,Hector,Voc,Sing,Masc,,,,NOUN+NOUN,whitelist,high,"Ἕκτορ υἱὲ Πριάμοιο , τί ἢ δὲ σὺ νόσφιν ἀπ̓ ἄλλων ἧσ̓ ὀλιγηπελέων ;"
15,246,HEKTOR,κορυθαίολος,κορυθαίολος,,,,,Nom,Sing,Masc,,,,ADJ,whitelist,high,τὸν δ̓ ὀλιγοδρανέων προσέφη κορυθαίολος Ἕκτωρ ·
15,440,HEKTOR,μεγάθυμος,μεγάθυμος,,,Aias (son of Telamon),Teucer,Nom,Sing,Masc,,,,ADJ,whitelist,high,τὸν δ̓ Ἕκτωρ μεγάθυμος ἀπέκτανε .
15,458,HEKTOR,χαλκοκορυστῇ,χαλκοκορυστής,,,,,Dat,Sing,Masc,,,,ADJ,whitelist,high,"Τεῦκρος δ̓ ἄλλον ὀϊστὸν ἐφ̓ Ἕκτορι χαλκοκορυστῇ αἴνυτο , καί κεν ἔπαυσε μάχης ἐπὶ νηυσὶν Ἀχαιῶν , εἴ μιν ἀριστεύοντα βαλὼν ἐξείλετο θυμόν ."
15,504,HEKTOR,κορυθαίολος,κορυθαίολος,,,Aias (son of Telamon),Greeks,Nom,Sing,Masc,,,,ADJ,whitelist,high,ἦ ἔλπεσθ̓ ἢν νῆας ἕλῃ κορυθαίολος Ἕκτωρ ἐμβαδὸν ἵξεσθαι ἣν πατρίδα γαῖαν ἕκαστος ;
15,583,HEKTOR,δῖον,δῖος,,,,,Acc,Sing,Masc,,,,ADJ,whitelist,high,"ἀλλ̓ οὐ λάθεν Ἕκτορα δῖον , ὅς ῥά οἱ ἀντίος ἦλθε θέων ἀνὰ δηϊοτῆτα ."
15,597,HEKTOR,Πριαμίδῃ,Πριαμίδης,,,,,Dat,Sing,Masc,,,,NOUN,whitelist,high,"Ἕκτορι γάρ οἱ θυμὸς ἐβούλετο κῦδος ὀρέξαι Πριαμίδῃ , ἵνα νηυσὶ κορωνίσι θεσπιδαὲς πῦρ ἐμβάλοι ἀκάματον , Θέτιδος δ̓ ἐξαίσιον ἀρὴν πᾶσαν ἐπικρήνειε ·"
15,604,HEKTOR,Πριαμίδην,Πριαμίδης,,,,,Acc,Sing,Masc,,,,NOUN,whitelist,high,τὰ φρονέων νήεσσιν ἔπι γλαφυρῇσιν ἔγειρεν Ἕκτορα Πριαμίδην μάλα περ μεμαῶτα καὶ αὐτόν .
15,652,HEKTOR,δῖον,δῖος,,,,,Acc,Sing,Masc,,,,ADJ,whitelist,high,αὐτοὶ γὰρ μάλα δείδισαν Ἕκτορα δῖον .
15,671,HEKTOR,βοὴν ἀγαθὸν,βοὴν ἀγαθός,,,,,Acc,Sing,Masc,,,,NOUN+ADJ,whitelist,high,"Ἕκτορα δὲ φράσσαντο βοὴν ἀγαθὸν καὶ ἑταίρους , ἠμὲν ὅσοι μετόπισθεν ἀφέστασαν οὐ δὲ μάχοντο , ἠδ̓ ὅσσοι παρὰ νηυσὶ μάχην ἐμάχοντο θοῇσιν ."
16,77,HEKTOR,ἀνδροφόνοιο,ἀνδροφόνος,,,Achilles,Patroclus,Gen,Sing,Masc,,,,ADJ,whitelist,high,"ἀλλ̓ Ἕκτορος ἀνδροφόνοιο Τρωσὶ κελεύοντος περιάγνυται , οἳ δ̓ ἀλαλητῷ πᾶν πεδίον κατέχουσι μάχῃ νικῶντες Ἀχαιούς . [0]"
16,358,HEKTOR,χαλκοκορυστῇ,χαλκοκορυστής,,,,,Dat,Sing,Masc,,,,ADJ,whitelist,high,Αἴας δ̓ ὃ μέγας αἰὲν ἐφ̓ Ἕκτορι χαλκοκορυστῇ ἵετ̓ ἀκοντίσσαι ·
16,536,HEKTOR,χαλκοκορυστήν,χαλκοκορυστής,,,,,Acc,Sing,Masc,,,,ADJ,whitelist,high,"αὐτὰρ ἔπειτα μετὰ Τρῶας κίε μακρὰ βιβάσθων Πουλυδάμαντ̓ ἔπι Πανθοΐδην καὶ Ἀγήνορα δῖον , βῆ δὲ μετ̓ Αἰνείαν τε καὶ Ἕκτορα χαλκοκορυστήν , ἀγχοῦ δ̓ ἱστάμενος ἔπεα πτερόεντα προσηύδα · [0]"
16,577,HEKTOR,φαίδιμος,φαίδιμος,,,,,Nom,Sing,Masc,,,,ADJ,whitelist,high,τόν ῥα τόθ̓ ἁπτόμενον νέκυος βάλε φαίδιμος Ἕκτωρ χερμαδίῳ κεφαλήν ·
16,588,HEKTOR,φαίδιμος,φαίδιμος,,,,,Nom,Sing,Masc,,,,ADJ,whitelist,high,χώρησαν δ̓ ὑπό τε πρόμαχοι καὶ φαίδιμος Ἕκτωρ .
16,649,HEKTOR,φαίδιμος,φαίδιμος,,,,,Nom,Sing,Masc,,,,ADJ,whitelist,high,"ὣς ἄρα τοὶ περὶ νεκρὸν ὁμίλεον , οὐ δέ ποτε Ζεὺς τρέψεν ἀπὸ κρατερῆς ὑσμίνης ὄσσε φαεινώ , ἀλλὰ κατ̓ αὐτοὺς αἰὲν ὅρα καὶ φράζετο θυμῷ , πολλὰ μάλ̓ ἀμφὶ φόνῳ Πατρόκλου μερμηρίζων , ἢ ἤδη καὶ κεῖνον ἐνὶ κρατερῇ ὑσμίνῃ αὐτοῦ ἐπ̓ ἀντιθέῳ Σαρπηδόνι φαίδιμος Ἕκτωρ χαλκῷ δῃώσῃ , ἀπό τ̓ ὤμων τεύχἐ ἕληται , ἦ ἔτι καὶ πλεόνεσσιν ὀφέλλειεν πόνον αἰπύν ."
16,654,HEKTOR,χαλκοκορυστὴν,χαλκοκορυστής,,,,,Acc,Sing,Masc,,,,NOUN,whitelist,high,"ὧδε δέ οἱ φρονέοντι δοάσσατο κέρδιον εἶναι ὄφῤ ἠῢς θεράπων Πηληϊάδεω Ἀχιλῆος ἐξαῦτις Τρῶάς τε καὶ Ἕκτορα χαλκοκορυστὴν ὤσαιτο προτὶ ἄστυ , πολέων δ̓ ἀπὸ θυμὸν ἕλοιτο ."
16,717,HEKTOR,ἱπποδάμοιο,ἱππόδαμος,,,,,Gen,Sing,Masc,,,,ADJ,whitelist,high,"ταῦτ̓ ἄρα οἱ φρονέοντι παρίστατο Φοῖβος Ἀπόλλων ἀνέρι εἰσάμενος αἰζηῷ τε κρατερῷ τε Ἀσίῳ , ὃς μήτρως ἦν Ἕκτορος ἱπποδάμοιο αὐτοκασίγνητος Ἑκάβης , υἱὸς δὲ Δύμαντος , ὃς Φρυγίῃ ναίεσκε ῥοῇς ἔπι Σαγγαρίοιο · [0]"
16,727,HEKTOR,φαίδιμος,φαίδιμος,,,,,Nom,Sing,Masc,,,,ADJ,whitelist,high,"ὣς εἰπὼν ὃ μὲν αὖτις ἔβη θεὸς ἂμ πόνον ἀνδρῶν , Κεβριόνῃ δ̓ ἐκέλευσε δαΐφρονι φαίδιμος Ἕκτωρ ἵππους ἐς πόλεμον πεπληγέμεν . [0]"
16,760,HEKTOR,φαίδιμος,φαίδιμος,,,,,Nom,Sing,Masc,,,,ADJ,whitelist,high,ὣς περὶ Κεβριόναο δύω μήστωρες ἀϋτῆς Πάτροκλός τε Μενοιτιάδης καὶ φαίδιμος Ἕκτωρ ἵεντ̓ ἀλλήλων ταμέειν χρόα νηλέϊ χαλκῷ . [0]
16,828,HEKTOR,Πριαμίδης,Πριαμίδης,,,,,Nom,Sing,Masc,,,,NOUN,whitelist,high,"ὣς πολέας πεφνόντα Μενοιτίου ἄλκιμον υἱὸν Ἕκτωρ Πριαμίδης σχεδὸν ἔγχεϊ θυμὸν ἀπηύρα , καί οἱ ἐπευχόμενος ἔπεα πτερόεντα προσηύδα ·"
16,840,HEKTOR,ἀνδροφόνοιο,ἀνδροφόνος,,,Achilles,Patroclus,Gen,Sing,Masc,,,,ADJ,whitelist,high,μή μοι πρὶν ἰέναι Πατρόκλεες ἱπποκέλευθε νῆας ἔπι γλαφυρὰς πρὶν Ἕκτορος ἀνδροφόνοιο αἱματόεντα χιτῶνα περὶ στήθεσσι δαΐξαι .
16,858,HEKTOR,φαίδιμος,φαίδιμος,,,,,Nom,Sing,Masc,,,,ADJ,whitelist,high,τὸν καὶ τεθνηῶτα προσηύδα φαίδιμος Ἕκτωρ ·
17,72,HEKTOR,ἀτάλαντον,ἀτάλαντος,,,,,Acc,Sing,Masc,,,,ADJ,whitelist,high,"ἔνθά κε ῥεῖα φέροι κλυτὰ τεύχεα Πανθοΐδαο Ἀτρεΐδης , εἰ μή οἱ ἀγάσσατο Φοῖβος Ἀπόλλων , ὅς ῥά οἱ Ἕκτοῤ ἐπῶρσε θοῷ ἀτάλαντον Ἄρηϊ ἀνέρι εἰσάμενος Κικόνων ἡγήτορι Μέντῃ · [1]"
17,96,HEKTOR,κορυθαίολος,κορυθαίολος,,,Menelaus,Menelaus,Nom,Sing,Masc,,,,ADJ,whitelist,high,Τρῶας δ̓ ἐνθάδε πάντας ἄγει κορυθαίολος Ἕκτωρ .
17,122,HEKTOR,κορυθαίολος,κορυθαίολος,,,Menelaus,Aias (son of Telamon),Nom,Sing,Masc,,,,ADJ,whitelist,high,ἀτὰρ τά γε τεύχἐ ἔχει κορυθαίολος Ἕκτωρ .
17,142,HEKTOR,ἄριστε,ἄριστος,,,Glaucus (Lycian),Hector,Voc,Sing,Masc,,,,ADJ,whitelist,high,Ἕκτορ εἶδος ἄριστε μάχης ἄρα πολλὸν ἐδεύεο .
17,169,HEKTOR,κορυθαίολος,κορυθαίολος,,,,,Nom,Sing,Masc,,,,ADJ,whitelist,high,τὸν δ̓ ἄῤ ὑπόδρα ἰδὼν προσέφη κορυθαίολος Ἕκτωρ ·
17,188,HEKTOR,κορυθαίολος,κορυθαίολος,,,,,Nom,Sing,Masc,,,,ADJ,whitelist,high,ὣς ἄρα φωνήσας ἀπέβη κορυθαίολος Ἕκτωρ δηΐου ἐκ πολέμοιο ·
17,316,HEKTOR,φαίδιμος,φαίδιμος,,,,,Nom,Sing,Masc,,,,ADJ,whitelist,high,χώρησαν δ̓ ὑπό τε πρόμαχοι καὶ φαίδιμος Ἕκτωρ ·
17,428,HEKTOR,ἀνδροφόνοιο,ἀνδροφόνος,,,,,Gen,Sing,Masc,,,,ADJ,whitelist,high,"ἵπποι δ̓ Αἰακίδαο μάχης ἀπάνευθεν ἐόντες κλαῖον , ἐπεὶ δὴ πρῶτα πυθέσθην ἡνιόχοιο ἐν κονίῃσι πεσόντος ὑφ̓ Ἕκτορος ἀνδροφόνοιο ."
17,449,HEKTOR,Πριαμίδης,Πριαμίδης,,,Zeus,Balios; Xanthos,Nom,Sing,Masc,,,,NOUN,whitelist,high,ἀλλ̓ οὐ μὰν ὑμῖν γε καὶ ἅρμασι δαιδαλέοισιν Ἕκτωρ Πριαμίδης ἐποχήσεται ·
17,483,HEKTOR,φαίδιμος,φαίδιμος,,,,,Nom,Sing,Masc,,,,ADJ,whitelist,high,"νόησε δὲ φαίδιμος Ἕκτωρ , αὐτίκα δ̓ Αἰνείαν προσεφώνεεν ἐγγὺς ἐόντα ·"
17,503,HEKTOR,Πριαμίδην,Πριαμίδης,,,Automedon,Alcimedon,Acc,Sing,Masc,,,,NOUN,whitelist,high,"οὐ γὰρ ἔγωγε Ἕκτορα Πριαμίδην μένεος σχήσεσθαι ὀΐω , πρίν γ̓ ἐπ̓ Ἀχιλλῆος καλλίτριχε βήμεναι ἵππω νῶϊ κατακτείναντα , φοβῆσαί τε στίχας ἀνδρῶν Ἀργείων , ἤ κ̓ αὐτὸς ἐνὶ πρώτοισιν ἁλοίη ."
17,616,HEKTOR,ἀνδροφόνοιο,ἀνδροφόνος,,,,,Gen,Sing,Masc,,,,ADJ,whitelist,high,"καὶ τῷ μὲν φάος ἦλθεν , ἄμυνε δὲ νηλεὲς ἦμαρ , αὐτὸς δ̓ ὤλεσε θυμὸν ὑφ̓ Ἕκτορος ἀνδροφόνοιο ·"
17,638,HEKTOR,ἀνδροφόνοιο,ἀνδροφόνος,,,Aias (son of Telamon),Greeks; Zeus,Gen,Sing,Masc,,,,ADJ,whitelist,high,"ἀλλ̓ ἄγετ̓ αὐτοί περ φραζώμεθα μῆτιν ἀρίστην , ἠμὲν ὅπως τὸν νεκρὸν ἐρύσσομεν , ἠδὲ καὶ αὐτοὶ χάρμα φίλοις ἑτάροισι γενώμεθα νοστήσαντες , οἵ που δεῦῤ ὁρόωντες ἀκηχέδατ̓ , οὐ δ̓ ἔτι φασὶν Ἕκτορος ἀνδροφόνοιο μένος καὶ χεῖρας ἀάπτους σχήσεσθ̓ , ἀλλ̓ ἐν νηυσὶ μελαίνῃσιν πεσέεσθαι ."
17,693,HEKTOR,κορυθαίολος,κορυθαίολος,,,Menelaus,Antilochus,Nom,Sing,Masc,,,,ADJ,whitelist,high,ἀτὰρ τά γε τεύχἐ ἔχει κορυθαίολος Ἕκτωρ .
17,710,HEKTOR,δίῳ,δῖος,,,Menelaus,Aias (son of Oileus); Aias (son of Telamon),Dat,Sing,Masc,,,,ADJ,whitelist,high,οὐ δέ μιν οἴω νῦν ἰέναι μάλα περ κεχολωμένον Ἕκτορι δίῳ ·
17,719,HEKTOR,δίῳ,δῖος,,,Aias (son of Telamon),Menelaus,Dat,Sing,Masc,,,,ADJ,whitelist,high,"αὐτὰρ ὄπισθε νῶϊ μαχησόμεθα Τρωσίν τε καὶ Ἕκτορι δίῳ ἶσον θυμὸν ἔχοντες ὁμώνυμοι , οἳ τὸ πάρος περ μίμνομεν ὀξὺν Ἄρηα παῤ ἀλλήλοισι μένοντες ."
17,754,HEKTOR,φαίδιμος,φαίδιμος,,,,,Nom,Sing,Masc,,,,ADJ,whitelist,high,"οἳ δ̓ ἅμ̓ ἕποντο , δύω δ̓ ἐν τοῖσι μάλιστα Αἰνείας τ̓ Ἀγχισιάδης καὶ φαίδιμος Ἕκτωρ . [1] [0]"
18,21,HEKTOR,κορυθαίολος,κορυθαίολος,,,Antilochus,Achilles,Nom,Sing,Masc,,,,ADJ,whitelist,high,ἀτὰρ τά γε τεύχἐ ἔχει κορυθαίολος Ἕκτωρ .
18,103,HEKTOR,δίῳ,δῖος,,,Achilles,Thetis,Dat,Sing,Masc,,,,ADJ,whitelist,high,"νῦν δ̓ ἐπεὶ οὐ νέομαί γε φίλην ἐς πατρίδα γαῖαν , οὐ δέ τι Πατρόκλῳ γενόμην φάος οὐ δ̓ ἑτάροισι τοῖς ἄλλοις , οἳ δὴ πολέες δάμεν Ἕκτορι δίῳ , ἀλλ̓ ἧμαι παρὰ νηυσὶν ἐτώσιον ἄχθος ἀρούρης , τοῖος ἐὼν οἷος οὔ τις Ἀχαιῶν χαλκοχιτώνων ἐν πολέμῳ · [0] [1]"
18,131,HEKTOR,κορυθαίολος,κορυθαίολος,,,Thetis,Achilles,Nom,Sing,Masc,,,,ADJ,whitelist,high,τὰ μὲν κορυθαίολος Ἕκτωρ αὐτὸς ἔχων ὤμοισιν ἀγάλλεται ·
18,149,HEKTOR,ἀνδροφόνοιο,ἀνδροφόνος,,,,,Gen,Sing,Masc,,,,ADJ,whitelist,high,αὐτὰρ Ἀχαιοὶ θεσπεσίῳ ἀλαλητῷ ὑφ̓ Ἕκτορος ἀνδροφόνοιο φεύγοντες νῆάς τε καὶ Ἑλλήσποντον ἵκοντο .
18,154,HEKTOR,Πριάμοιο πάϊς,παῖς Πριάμοιο,,,,,Nom,Sing,Masc,,,,NOUN+NOUN,whitelist,high,αὖτις γὰρ δὴ τόν γε κίχον λαός τε καὶ ἵπποι Ἕκτωρ τε Πριάμοιο πάϊς φλογὶ εἴκελος ἀλκήν . [0]
18,155,HEKTOR,φαίδιμος,φαίδιμος,,,,,Nom,Sing,Masc,,,,ADJ,whitelist,high,"τρὶς μέν μιν μετόπισθε ποδῶν λάβε φαίδιμος Ἕκτωρ ἑλκέμεναι μεμαώς , μέγα δὲ Τρώεσσιν ὁμόκλα ·"
18,164,HEKTOR,Πριαμίδην,Πριαμίδης,,,,,Acc,Sing,Masc,,,,NOUN,whitelist,high,"ὡς δ̓ ἀπὸ σώματος οὔ τι λέοντ̓ αἴθωνα δύνανται ποιμένες ἄγραυλοι μέγα πεινάοντα δίεσθαι , ὥς ῥα τὸν οὐκ ἐδύναντο δύω Αἴαντε κορυστὰ Ἕκτορα Πριαμίδην ἀπὸ νεκροῦ δειδίξασθαι . [0]"
18,175,HEKTOR,φαίδιμος,φαίδιμος,,,Iris,Achilles,Nom,Sing,Masc,,,,ADJ,whitelist,high,μάλιστα δὲ φαίδιμος Ἕκτωρ ἑλκέμεναι μέμονεν ·
18,284,HEKTOR,κορυθαίολος,κορυθαίολος,,,,,Nom,Sing,Masc,,,,ADJ,whitelist,high,τὸν δ̓ ἄῤ ὑπόδρα ἰδὼν προσέφη κορυθαίολος Ἕκτωρ ·
19,134,HEKTOR,μέγας κορυθαίολος,μέγας κορυθαίολος,,,Agamemnon,Greeks,Nom,Sing,Masc,,,,ADJ+ADJ,whitelist,high,"ὣς καὶ ἐγών , ὅτε δ̓ αὖτε μέγας κορυθαίολος Ἕκτωρ Ἀργείους ὀλέκεσκεν ἐπὶ πρυμνῇσι νέεσσιν , οὐ δυνάμην λελαθέσθ̓ Ἄτης ᾗ πρῶτον ἀάσθην ."
19,204,HEKTOR,Πριαμίδης,Πριαμίδης,,,Achilles,Agamemnon,Nom,Sing,Masc,,,,NOUN,whitelist,high,"νῦν δ̓ οἳ μὲν κέαται δεδαϊγμένοι , οὓς ἐδάμασσεν Ἕκτωρ Πριαμίδης , ὅτε οἱ Ζεὺς κῦδος ἔδωκεν , ὑμεῖς δ̓ ἐς βρωτὺν ὀτρύνετον ·"
20,77,HEKTOR,Πριαμίδεω,Πριαμίδης,,,,,Gen,Sing,Masc,,,,NOUN,whitelist,high,αὐτὰρ Ἀχιλλεὺς Ἕκτορος ἄντα μάλιστα λιλαίετο δῦναι ὅμιλον Πριαμίδεω ·
20,240,HEKTOR,δῖον,δῖος,,,Aeneas,Achilles,Acc,Sing,Masc,,,,ADJ,whitelist,high,"αὐτὰρ ἔμ̓ Ἀγχίσης , Πρίαμος δ̓ ἔτεχ̓ Ἕκτορα δῖον . [0]"
20,364,HEKTOR,φαίδιμος,φαίδιμος,,,,,Nom,Sing,Masc,,,,ADJ,whitelist,high,"Τρώεσσι δὲ φαίδιμος Ἕκτωρ κέκλεθ̓ ὁμοκλήσας , φάτο δ̓ ἴμεναι ἄντ̓ Ἀχιλῆος ·"
20,428,HEKTOR,δῖον,δῖος,,,,,Acc,Sing,Masc,,,,ADJ,whitelist,high,"ἦ , καὶ ὑπόδρα ἰδὼν προσεφώνεεν Ἕκτορα δῖον ·"
20,430,HEKTOR,κορυθαίολος,κορυθαίολος,,,,,Nom,Sing,Masc,,,,ADJ,whitelist,high,τὸν δ̓ οὐ ταρβήσας προσέφη κορυθαίολος Ἕκτωρ ·
20,440,HEKTOR,δῖον,δῖος,,,,,Acc,Sing,Masc,,,,ADJ,whitelist,high,"τὸ δ̓ ἂψ ἵκεθ̓ Ἕκτορα δῖον , αὐτοῦ δὲ προπάροιθε ποδῶν πέσεν ."
21,5,HEKTOR,φαίδιμος,φαίδιμος,,,,,Nom,Sing,Masc,,,,ADJ,whitelist,high,"ἀλλ̓ ὅτε δὴ πόρον ἷξον ἐϋρρεῖος ποταμοῖο Ξάνθου δινήεντος , ὃν ἀθάνατος τέκετο Ζεύς , ἔνθα διατμήξας τοὺς μὲν πεδίον δὲ δίωκε πρὸς πόλιν , ᾗ περ Ἀχαιοὶ ἀτυζόμενοι φοβέοντο ἤματι τῷ προτέρῳ , ὅτε μαίνετο φαίδιμος Ἕκτωρ ·"
22,161,HEKTOR,ἱπποδάμοιο,ἱππόδαμος,,,,,Gen,Sing,Masc,,,,ADJ,whitelist,high,"πρόσθε μὲν ἐσθλὸς ἔφευγε , δίωκε δέ μιν μέγ̓ ἀμείνων καρπαλίμως , ἐπεὶ οὐχ ἱερήϊον οὐ δὲ βοείην ἀρνύσθην , ἅ τε ποσσὶν ἀέθλια γίγνεται ἀνδρῶν , ἀλλὰ περὶ ψυχῆς θέον Ἕκτορος ἱπποδάμοιο ."
22,211,HEKTOR,ἱπποδάμοιο,ἱππόδαμος,,,,,Gen,Sing,Masc,,,,ADJ,whitelist,high,"ἀλλ̓ ὅτε δὴ τὸ τέταρτον ἐπὶ κρουνοὺς ἀφίκοντο , καὶ τότε δὴ χρύσεια πατὴρ ἐτίταινε τάλαντα , ἐν δ̓ ἐτίθει δύο κῆρε τανηλεγέος θανάτοιο , τὴν μὲν Ἀχιλλῆος , τὴν δ̓ Ἕκτορος ἱπποδάμοιο , ἕλκε δὲ μέσσα λαβών ·"
22,226,HEKTOR,δῖον,δῖος,,,,,Acc,Sing,Masc,,,,ADJ,whitelist,high,"ἣ δ̓ ἄρα τὸν μὲν ἔλειπε , κιχήσατο δ̓ Ἕκτορα δῖον Δηϊφόβῳ ἐϊκυῖα δέμας καὶ ἀτειρέα φωνήν ·"
22,232,HEKTOR,μέγας κορυθαίολος,μέγας κορυθαίολος,,,,,Nom,Sing,Masc,,,,ADJ+ADJ,whitelist,high,τὴν δ̓ αὖτε προσέειπε μέγας κορυθαίολος Ἕκτωρ ·
22,249,HEKTOR,μέγας κορυθαίολος,μέγας κορυθαίολος,,,,,Nom,Sing,Masc,,,,ADJ+ADJ,whitelist,high,"οἳ δ̓ ὅτε δὴ σχεδὸν ἦσαν ἐπ̓ ἀλλήλοισιν ἰόντες , τὸν πρότερος προσέειπε μέγας κορυθαίολος Ἕκτωρ ·"
22,261,HEKTOR,ἄλαστε,ἄλαστος,,,Achilles,Hector,Voc,Sing,Masc,,,,ADJ,whitelist,high,Ἕκτορ μή μοι ἄλαστε συνημοσύνας ἀγόρευε ·
22,274,HEKTOR,φαίδιμος,φαίδιμος,,,,,Nom,Sing,Masc,,,,ADJ,whitelist,high,καὶ τὸ μὲν ἄντα ἰδὼν ἠλεύατο φαίδιμος Ἕκτωρ ·
22,277,HEKTOR,ποιμένα λαῶν,ποιμὴν λαῶν,,,,,Acc,Sing,Masc,,,,NOUN+NOUN,whitelist,high,"ἀνὰ δ̓ ἥρπασε Παλλὰς Ἀθήνη , ἂψ δ̓ Ἀχιλῆϊ δίδου , λάθε δ̓ Ἕκτορα ποιμένα λαῶν ."
22,320,HEKTOR,δίῳ,δῖος,,,,,Dat,Sing,Masc,,,,ADJ,whitelist,high,"οἷος δ̓ ἀστὴρ εἶσι μετ̓ ἀστράσι νυκτὸς ἀμολγῷ ἕσπερος , ὃς κάλλιστος ἐν οὐρανῷ ἵσταται ἀστήρ , ὣς αἰχμῆς ἀπέλαμπ̓ εὐήκεος , ἣν ἄῤ Ἀχιλλεὺς πάλλεν δεξιτερῇ φρονέων κακὸν Ἕκτορι δίῳ εἰσορόων χρόα καλόν , ὅπῃ εἴξειε μάλιστα ."
22,337,HEKTOR,κορυθαίολος,κορυθαίολος,,,,,Nom,Sing,Masc,,,,ADJ,whitelist,high,τὸν δ̓ ὀλιγοδρανέων προσέφη κορυθαίολος Ἕκτωρ ·
22,355,HEKTOR,κορυθαίολος,κορυθαίολος,,,,,Nom,Sing,Masc,,,,ADJ,whitelist,high,τὸν δὲ καταθνῄσκων προσέφη κορυθαίολος Ἕκτωρ ·
22,393,HEKTOR,δῖον,δῖος,,,Achilles,Greeks,Acc,Sing,Masc,,,,ADJ,whitelist,high,"ἐπέφνομεν Ἕκτορα δῖον , ᾧ Τρῶες κατὰ ἄστυ θεῷ ὣς εὐχετόωντο . [0]"
22,395,HEKTOR,δῖον,δῖος,,,,,Acc,Sing,Masc,,,,ADJ,whitelist,high,"ἦ ῥα , καὶ Ἕκτορα δῖον ἀεικέα μήδετο ἔργα ."
22,455,HEKTOR,θρασὺν,θρασύς,,,Andromache,servants,Acc,Sing,Masc,,,,ADJ,whitelist,high,"ἀλλὰ μάλ̓ αἰνῶς δείδω μὴ δή μοι θρασὺν Ἕκτορα δῖος Ἀχιλλεὺς μοῦνον ἀποτμήξας πόλιος πεδίον δὲ δίηται , καὶ δή μιν καταπαύσῃ ἀγηνορίης ἀλεγεινῆς ἥ μιν ἔχεσκ̓ , ἐπεὶ οὔ ποτ̓ ἐνὶ πληθυῖ μένεν ἀνδρῶν , ἀλλὰ πολὺ προθέεσκε , τὸ ὃν μένος οὐδενὶ εἴκων ."
22,471,HEKTOR,κορυθαίολος,κορυθαίολος,,,,,Nom,Sing,Masc,,,,ADJ,whitelist,high,"τῆλε δ̓ ἀπὸ κρατὸς βάλε δέσματα σιγαλόεντα , ἄμπυκα κεκρύφαλόν τε ἰδὲ πλεκτὴν ἀναδέσμην κρήδεμνόν θ̓ , ὅ ῥά οἱ δῶκε χρυσῆ Ἀφροδίτη ἤματι τῷ ὅτε μιν κορυθαίολος ἠγάγεθ̓ Ἕκτωρ ἐκ δόμου Ἠετίωνος , ἐπεὶ πόρε μυρία ἕδνα ."
23,24,HEKTOR,δῖον,δῖος,,,,,Acc,Sing,Masc,,,,ADJ,whitelist,high,ἦ ῥα καὶ Ἕκτορα δῖον ἀεικέα μήδετο ἔργα πρηνέα πὰρ λεχέεσσι Μενοιτιάδαο τανύσσας ἐν κονίῃς ·
23,183,HEKTOR,Πριαμίδην,Πριαμίδης,,,Achilles,Patroclus,Acc,Sing,Masc,,,,NOUN,whitelist,high,"Ἕκτορα δ̓ οὔ τι δώσω Πριαμίδην πυρὶ δαπτέμεν , ἀλλὰ κύνεσσιν . [0]"
24,22,HEKTOR,δῖον,δῖος,,,,,Acc,Sing,Masc,,,,ADJ,whitelist,high,ὣς ὃ μὲν Ἕκτορα δῖον ἀείκιζεν μενεαίνων ·
24,50,HEKTOR,δῖον,δῖος,,,Apollo,gods,Acc,Sing,Masc,,,,ADJ,whitelist,high,"αὐτὰρ ὅ γ̓ Ἕκτορα δῖον , ἐπεὶ φίλον ἦτορ ἀπηύρα , ἵππων ἐξάπτων περὶ σῆμ̓ ἑτάροιο φίλοιο ἕλκει ·"
24,72,HEKTOR,θρασὺν,θρασύς,,,Zeus,Hera,Acc,Sing,Masc,,,,ADJ,whitelist,high,"ἀλλ̓ ἤτοι κλέψαι μὲν ἐάσομεν , οὐ δέ πῃ ἔστι , λάθρῃ Ἀχιλλῆος θρασὺν Ἕκτορα ·"
24,175,HEKTOR,δῖον,δῖος,,,Iris,Priam,Acc,Sing,Masc,,,,ADJ,whitelist,high,"λύσασθαί σ̓ ἐκέλευσεν Ὀλύμπιος Ἕκτορα δῖον , δῶρα δ̓ Ἀχιλλῆϊ φερέμεν τά κε θυμὸν ἰήνῃ οἶον , μὴ δέ τις ἄλλος ἅμα Τρώων ἴτω ἀνήρ ."
24,390,HEKTOR,δῖον,δῖος,,,Hermes-young man,Priam,Acc,Sing,Masc,,,,ADJ,whitelist,high,πειρᾷ ἐμεῖο γεραιὲ καὶ εἴρεαι Ἕκτορα δῖον .
24,509,HEKTOR,ἀνδροφόνοιο,ἀνδροφόνος,,,,,Gen,Sing,Masc,,,,ADJ,whitelist,high,"τὼ δὲ μνησαμένω ὃ μὲν Ἕκτορος ἀνδροφόνοιο κλαῖ̓ ἁδινὰ προπάροιθε ποδῶν Ἀχιλῆος ἐλυσθείς , αὐτὰρ Ἀχιλλεὺς κλαῖεν ἑὸν πατέῤ , ἄλλοτε δ̓ αὖτε Πάτροκλον · [0]"
24,593,HEKTOR,δῖον,δῖος,,,Achilles,Patroclus,Acc,Sing,Masc,,,,ADJ,whitelist,high,"μή μοι Πάτροκλε σκυδμαινέμεν , αἴ κε πύθηαι εἰν Ἄϊδός περ ἐὼν ὅτι Ἕκτορα δῖον ἔλυσα πατρὶ φίλῳ , ἐπεὶ οὔ μοι ἀεικέα δῶκεν ἄποινα . [0]"
24,657,HEKTOR,δῖον,δῖος,,,Achilles,Priam,Acc,Sing,Masc,,,,ADJ,whitelist,high,"ἀλλ̓ ἄγε μοι τόδε εἰπὲ καὶ ἀτρεκέως κατάλεξον , ποσσῆμαρ μέμονας κτερεϊζέμεν Ἕκτορα δῖον , ὄφρα τέως αὐτός τε μένω καὶ λαὸν ἐρύκω ."
24,660,HEKTOR,δίῳ,δῖος,,,Priam,Achilles,Dat,Sing,Masc,,,,ADJ,whitelist,high,"εἰ μὲν δή μ̓ ἐθέλεις τελέσαι τάφον Ἕκτορι δίῳ , ὧδέ κέ μοι ῥέζων Ἀχιλεῦ κεχαρισμένα θείης ."
24,724,HEKTOR,ἀνδροφόνοιο,ἀνδροφόνος,,,,,Gen,Sing,Masc,,,,ADJ,whitelist,high,τῇσιν δ̓ Ἀνδρομάχη λευκώλενος ἦρχε γόοιο Ἕκτορος ἀνδροφόνοιο κάρη μετὰ χερσὶν ἔχουσα ·
24,748,HEKTOR,φίλτατε,φίλτατος,,,Hecuba,Hector,Voc,Sing,Masc,,,,ADJ,whitelist,high,"Ἕκτορ ἐμῷ θυμῷ πάντων πολὺ φίλτατε παίδων , ἦ μέν μοι ζωός περ ἐὼν φίλος ἦσθα θεοῖσιν ·"
24,762,HEKTOR,φίλτατε,φίλτατος,,,Helena,Hector,Voc,Sing,Masc,,,,ADJ,whitelist,high,"Ἕκτορ ἐμῷ θυμῷ δαέρων πολὺ φίλτατε πάντων , ἦ μέν μοι πόσις ἐστὶν Ἀλέξανδρος θεοειδής , ὅς μ̓ ἄγαγε Τροίηνδ̓ ·"
24,786,HEKTOR,θρασὺν,θρασύς,,,,,Acc,Sing,Masc,,,,ADJ,whitelist,high,"ἀλλ̓ ὅτε δὴ δεκάτη ἐφάνη φαεσίμβροτος ἠώς , καὶ τότ̓ ἄῤ ἐξέφερον θρασὺν Ἕκτορα δάκρυ χέοντες , ἐν δὲ πυρῇ ὑπάτῃ νεκρὸν θέσαν , ἐν δ̓ ἔβαλον πῦρ ."
24,789,HEKTOR,κλυτοῦ,κλυτός,,,,,Gen,Sing,Masc,,,,ADJ,whitelist,high,"ἦμος δ̓ ἠριγένεια φάνη ῥοδοδάκτυλος Ἠώς , τῆμος ἄῤ ἀμφὶ πυρὴν κλυτοῦ Ἕκτορος ἔγρετο λαός ."
24,804,HEKTOR,ἱπποδάμοιο,ἱππόδαμος,,,,,Gen,Sing,Masc,,,,ADJ,whitelist,high,ὣς οἵ γ̓ ἀμφίεπον τάφον Ἕκτορος ἱπποδάμοιο .
