Book,Line,Locus,Hero,Epithet,Speaker,Addressee,Greek,SentimentGlobalScore,SentimentGlobal,TargetSentimentScore,TargetSentimentLabel,TargetSentimentHits,CtxSentimentScore,CtxSentimentLabel,CtxTargetSentimentScore,CtxTargetSentimentLabel
1,242,1.242,ΕΚΤΩΡ,ἀνδροφόνοιο,Achilles,Agamemnon,"χραισμεῖν, εὖτ’ ἂν πολλοὶ ὑφ’ Ἕκτορος ἀνδροφόνοιο",-0.500,neg,-0.500,neg,1,0.402,pos,0.401,pos
2,816,2.816,ΕΚΤΩΡ,μέγας,,,Τρωσὶ μὲν ἡγεμόνευε μέγας κορυθαίολος Ἕκτωρ,0.000,neu,0.000,neu,0,-0.419,neg,-0.419,neg
2,816,2.816,ΕΚΤΩΡ,κορυθαίολος,,,Τρωσὶ μὲν ἡγεμόνευε μέγας κορυθαίολος Ἕκτωρ,0.000,neu,0.000,neu,0,-0.419,neg,-0.419,neg
2,817,2.817,ΕΚΤΩΡ,Πριαμίδης,,,Πριαμίδης· ἅμα τῷ γε πολὺ πλεῖστοι καὶ ἄριστοι,0.000,neu,0.000,neu,0,-0.401,neg,0.402,pos
3,83,3.83,ΕΚΤΩΡ,κορυθαίολος,Agamemnon,Greeks,στεῦται γάρ τι ἔπος ἐρέειν κορυθαίολος Ἕκτωρ.,0.000,neu,0.000,neu,0,-0.407,neg,-0.405,neg
3,314,3.314,ΕΚΤΩΡ,δῖος,,,Ἕκτωρ δὲ Πριάμοιο πάϊς καὶ δῖος Ὀδυσσεὺς,0.000,neu,0.000,neu,0,-0.415,neg,-0.415,neg
3,324,3.324,ΕΚΤΩΡ,μέγας,,,"ὣς ἄρ’ ἔφαν, πάλλεν δὲ μέγας κορυθαίολος Ἕκτωρ",0.000,neu,0.000,neu,0,-0.409,neg,-0.405,neg
3,324,3.324,ΕΚΤΩΡ,κορυθαίολος,,,"ὣς ἄρ’ ἔφαν, πάλλεν δὲ μέγας κορυθαίολος Ἕκτωρ",0.000,neu,0.000,neu,0,-0.409,neg,-0.405,neg
3,356,3.356,ΕΚΤΩΡ,Πριαμίδαο,,,καὶ βάλε Πριαμίδαο κατ’ ἀσπίδα πάντοσε ἴσην·,0.000,neu,0.000,neu,0,-0.415,neg,-0.406,neg
4,490,4.490,ΕΚΤΩΡ,Πριαμίδης,,,Πριαμίδης καθ’ ὅμιλον ἀκόντισεν ὀξέϊ δουρί.,0.000,neu,0.000,neu,0,-0.404,neg,-0.402,neg
4,505,4.505,ΕΚΤΩΡ,φαίδιμος,,,χώρησαν δ’ ὑπό τε πρόμαχοι καὶ φαίδιμος Ἕκτωρ·,0.000,neu,0.000,neu,0,-0.416,neg,-0.407,neg
5,211,5.211,ΕΚΤΩΡ,δίῳ,Pandarus,Aeneas,ἡγεόμην Τρώεσσι φέρων χάριν Ἕκτορι δίῳ.,0.000,neu,0.000,neu,0,0.401,pos,0.401,pos
5,467,5.467,ΕΚΤΩΡ,δίῳ,Ares-Acamas,Trojans,κεῖται ἀνὴρ ὃν ἶσον ἐτίομεν Ἕκτορι δίῳ,0.000,neu,0.000,neu,0,0.401,pos,0.401,pos
5,471,5.471,ΕΚΤΩΡ,δῖον,,,ἔνθ’ αὖ Σαρπηδὼν μάλα νείκεσεν Ἕκτορα δῖον·,0.000,neu,0.000,neu,0,-0.417,neg,-0.410,neg
5,601,5.601,ΕΚΤΩΡ,δῖον,Diomedes,Greeks,ὦ φίλοι οἷον δὴ θαυμάζομεν Ἕκτορα δῖον,0.500,pos,0.500,pos,1,0.402,pos,0.402,pos
5,608,5.608,ΕΚΤΩΡ,ἔνθ’,,,ἔνθ’ Ἕκτωρ δύο φῶτε κατέκτανεν εἰδότε χάρμης,0.000,neu,0.000,neu,0,-0.404,neg,-0.404,neg
5,680,5.680,ΕΚΤΩΡ,μέγας,,,εἰ μὴ ἄρ’ ὀξὺ νόησε μέγας κορυθαίολος Ἕκτωρ·,0.000,neu,0.000,neu,0,-0.416,neg,-0.410,neg
5,680,5.680,ΕΚΤΩΡ,κορυθαίολος,,,εἰ μὴ ἄρ’ ὀξὺ νόησε μέγας κορυθαίολος Ἕκτωρ·,0.000,neu,0.000,neu,0,-0.416,neg,-0.410,neg
5,689,5.689,ΕΚΤΩΡ,κορυθαίολος,,,"ὣς φάτο, τὸν δ’ οὔ τι προσέφη κορυθαίολος Ἕκτωρ,",0.000,neu,0.000,neu,0,-0.406,neg,-0.410,neg
5,699,5.699,ΕΚΤΩΡ,χαλκοκορυστῇ,,,Ἀργεῖοι δ’ ὑπ’ Ἄρηϊ καὶ Ἕκτορι χαλκοκορυστῇ,0.000,neu,0.000,neu,0,-0.416,neg,-0.416,neg
5,704,5.704,ΕΚΤΩΡ,χάλκεος,,,Ἕκτωρ τε Πριάμοιο πάϊς καὶ χάλκεος Ἄρης;,0.000,neu,0.000,neu,0,-0.415,neg,-0.415,neg
6,76,6.76,ΕΚΤΩΡ,Πριαμίδης,,,Πριαμίδης Ἕλενος οἰωνοπόλων ὄχ’ ἄριστος·,0.000,neu,0.000,neu,0,-0.413,neg,-0.404,neg
6,76,6.76,ΕΚΤΩΡ,ἄριστος,,,Πριαμίδης Ἕλενος οἰωνοπόλων ὄχ’ ἄριστος·,0.000,neu,0.000,neu,0,-0.413,neg,-0.404,neg
6,116,6.116,ΕΚΤΩΡ,κορυθαίολος,,,ὣς ἄρα φωνήσας ἀπέβη κορυθαίολος Ἕκτωρ·,0.000,neu,0.000,neu,0,-0.408,neg,-0.406,neg
6,263,6.263,ΕΚΤΩΡ,μέγας,,,τὴν δ’ ἠμείβετ’ ἔπειτα μέγας κορυθαίολος Ἕκτωρ·,0.000,neu,0.000,neu,0,-0.410,neg,-0.406,neg
6,263,6.263,ΕΚΤΩΡ,κορυθαίολος,,,τὴν δ’ ἠμείβετ’ ἔπειτα μέγας κορυθαίολος Ἕκτωρ·,0.000,neu,0.000,neu,0,-0.410,neg,-0.406,neg
6,342,6.342,ΕΚΤΩΡ,κορυθαίολος,,,"ὣς φάτο, τὸν δ’ οὔ τι προσέφη κορυθαίολος Ἕκτωρ·",0.000,neu,0.000,neu,0,-0.406,neg,-0.410,neg
6,359,6.359,ΕΚΤΩΡ,μέγας,,,τὴν δ’ ἠμείβετ’ ἔπειτα μέγας κορυθαίολος Ἕκτωρ,0.000,neu,0.000,neu,0,-0.405,neg,-0.405,neg
6,359,6.359,ΕΚΤΩΡ,κορυθαίολος,,,τὴν δ’ ἠμείβετ’ ἔπειτα μέγας κορυθαίολος Ἕκτωρ,0.000,neu,0.000,neu,0,-0.405,neg,-0.405,neg
6,369,6.369,ΕΚΤΩΡ,κορυθαίολος,,,ὣς ἄρα φωνήσας ἀπέβη κορυθαίολος Ἕκτωρ·,0.000,neu,0.000,neu,0,-0.408,neg,-0.406,neg
6,390,6.390,ΕΚΤΩΡ,δώματος,,,"ἦ ῥα γυνὴ ταμίη, ὃ δ’ ἀπέσσυτο δώματος Ἕκτωρ",0.000,neu,0.000,neu,0,-0.404,neg,-0.406,neg
6,398,6.398,ΕΚΤΩΡ,χαλκοκορυστῇ,,,τοῦ περ δὴ θυγάτηρ ἔχεθ’ Ἕκτορι χαλκοκορυστῇ.,0.000,neu,0.000,neu,0,-0.403,neg,-0.402,neg
6,403,6.403,ΕΚΤΩΡ,οἶος,,,Ἀστυάνακτ’· οἶος γὰρ ἐρύετο Ἴλιον Ἕκτωρ.,0.000,neu,0.000,neu,0,-0.406,neg,0.401,pos
6,440,6.440,ΕΚΤΩΡ,μέγας,,,τὴν δ’ αὖτε προσέειπε μέγας κορυθαίολος Ἕκτωρ·,0.000,neu,0.000,neu,0,-0.416,neg,-0.409,neg
6,440,6.440,ΕΚΤΩΡ,κορυθαίολος,,,τὴν δ’ αὖτε προσέειπε μέγας κορυθαίολος Ἕκτωρ·,0.000,neu,0.000,neu,0,-0.416,neg,-0.409,neg
6,466,6.466,ΕΚΤΩΡ,φαίδιμος,,,ὣς εἰπὼν οὗ παιδὸς ὀρέξατο φαίδιμος Ἕκτωρ·,0.000,neu,0.000,neu,0,-0.407,neg,-0.406,neg
6,472,6.472,ΕΚΤΩΡ,φαίδιμος,,,"αὐτίκ’ ἀπὸ κρατὸς κόρυθ’ εἵλετο φαίδιμος Ἕκτωρ,",0.000,neu,0.000,neu,0,-0.404,neg,-0.405,neg
6,494,6.494,ΕΚΤΩΡ,φαίδιμος,,,ὣς ἄρα φωνήσας κόρυθ’ εἵλετο φαίδιμος Ἕκτωρ,0.000,neu,0.000,neu,0,-0.405,neg,-0.405,neg
6,498,6.498,ΕΚΤΩΡ,ἀνδροφόνοιο,,,"Ἕκτορος ἀνδροφόνοιο, κιχήσατο δ’ ἔνδοθι πολλὰς",-0.500,neg,-0.500,neg,1,-0.403,neg,-0.405,neg
6,500,6.500,ΕΚΤΩΡ,ζωὸν,,,αἳ μὲν ἔτι ζωὸν γόον Ἕκτορα ᾧ ἐνὶ οἴκῳ·,0.000,neu,0.000,neu,0,-0.402,neg,-0.402,neg
6,515,6.515,ΕΚΤΩΡ,δῖον,,,Ἕκτορα δῖον ἔτετμεν ἀδελφεὸν εὖτ’ ἄρ’ ἔμελλε,0.000,neu,0.000,neu,0,-0.416,neg,-0.416,neg
6,515,6.515,ΕΚΤΩΡ,εὖτ’,,,Ἕκτορα δῖον ἔτετμεν ἀδελφεὸν εὖτ’ ἄρ’ ἔμελλε,0.000,neu,0.000,neu,0,-0.416,neg,-0.416,neg
6,520,6.520,ΕΚΤΩΡ,κορυθαίολος,,,τὸν δ’ ἀπαμειβόμενος προσέφη κορυθαίολος Ἕκτωρ·,0.000,neu,0.000,neu,0,-0.418,neg,-0.410,neg
7,1,7.1,ΕΚΤΩΡ,φαίδιμος,,,"ὣς εἰπὼν πυλέων ἐξέσσυτο φαίδιμος Ἕκτωρ,",0.000,neu,0.000,neu,0,-0.404,neg,-0.406,neg
7,38,7.38,ΕΚΤΩΡ,κρατερὸν,Apollo,Athena,"Ἕκτορος ὄρσωμεν κρατερὸν μένος ἱπποδάμοιο,",0.400,pos,0.400,pos,1,-0.403,neg,-0.405,neg
7,38,7.38,ΕΚΤΩΡ,ἱπποδάμοιο,Apollo,Athena,"Ἕκτορος ὄρσωμεν κρατερὸν μένος ἱπποδάμοιο,",0.400,pos,0.400,pos,1,-0.403,neg,-0.405,neg
7,42,7.42,ΕΚΤΩΡ,δίῳ,Apollo,Athena,οἶον ἐπόρσειαν πολεμίζειν Ἕκτορι δίῳ.,0.000,neu,0.000,neu,0,-0.403,neg,-0.402,neg
7,75,7.75,ΕΚΤΩΡ,δίῳ,Hector,Greeks; Trojans,δεῦρ’ ἴτω ἐκ πάντων πρόμος ἔμμεναι Ἕκτορι δίῳ.,0.000,neu,0.000,neu,0,-0.402,neg,-0.402,neg
7,90,7.90,ΕΚΤΩΡ,φαίδιμος,someone,someone,ὅν ποτ’ ἀριστεύοντα κατέκτανε φαίδιμος Ἕκτωρ.,0.000,neu,0.000,neu,0,-0.406,neg,-0.406,neg
7,158,7.158,ΕΚΤΩΡ,κορυθαίολος,Nestor,Greeks,τώ κε τάχ’ ἀντήσειε μάχης κορυθαίολος Ἕκτωρ.,0.000,neu,0.000,neu,0,0.403,pos,0.403,pos
7,169,7.169,ΕΚΤΩΡ,δίῳ,,,πάντες ἄρ’ οἵ γ’ ἔθελον πολεμίζειν Ἕκτορι δίῳ.,0.000,neu,0.000,neu,0,0.402,pos,0.402,pos
7,192,7.192,ΕΚΤΩΡ,δῖον,Aias (son of Telamon),Greeks,"θυμῷ, ἐπεὶ δοκέω νικησέμεν Ἕκτορα δῖον.",0.000,neu,0.000,neu,0,0.402,pos,0.403,pos
7,233,7.233,ΕΚΤΩΡ,μέγας,,,τὸν δ’ αὖτε προσέειπε μέγας κορυθαίολος Ἕκτωρ·,0.000,neu,0.000,neu,0,-0.416,neg,-0.409,neg
7,233,7.233,ΕΚΤΩΡ,κορυθαίολος,,,τὸν δ’ αὖτε προσέειπε μέγας κορυθαίολος Ἕκτωρ·,0.000,neu,0.000,neu,0,-0.416,neg,-0.409,neg
7,250,7.250,ΕΚΤΩΡ,Πριαμίδαο,,,καὶ βάλε Πριαμίδαο κατ’ ἀσπίδα πάντοσ’ ἐΐσην.,0.000,neu,0.000,neu,0,-0.404,neg,-0.403,neg
7,258,7.258,ΕΚΤΩΡ,Πριαμίδης,,,"Πριαμίδης μὲν ἔπειτα μέσον σάκος οὔτασε δουρί,",0.000,neu,0.000,neu,0,0.403,pos,0.402,pos
7,263,7.263,ΕΚΤΩΡ,κορυθαίολος,,,"ἀλλ’ οὐδ’ ὧς ἀπέληγε μάχης κορυθαίολος Ἕκτωρ,",0.000,neu,0.000,neu,0,-0.403,neg,-0.405,neg
7,287,7.287,ΕΚΤΩΡ,μέγας,,,τὸν δ’ αὖτε προσέειπε μέγας κορυθαίολος Ἕκτωρ·,0.000,neu,0.000,neu,0,-0.416,neg,-0.409,neg
7,287,7.287,ΕΚΤΩΡ,κορυθαίολος,,,τὸν δ’ αὖτε προσέειπε μέγας κορυθαίολος Ἕκτωρ·,0.000,neu,0.000,neu,0,-0.416,neg,-0.409,neg
8,160,8.160,ΕΚΤΩΡ,μέγας,,,τῷ δ’ ἐπὶ μακρὸν ἄϋσε μέγας κορυθαίολος Ἕκτωρ·,0.000,neu,0.000,neu,0,-0.416,neg,-0.409,neg
8,160,8.160,ΕΚΤΩΡ,κορυθαίολος,,,τῷ δ’ ἐπὶ μακρὸν ἄϋσε μέγας κορυθαίολος Ἕκτωρ·,0.000,neu,0.000,neu,0,-0.416,neg,-0.409,neg
8,216,8.216,ΕΚΤΩΡ,Πριαμίδης,,,"Ἕκτωρ Πριαμίδης, ὅτε οἱ Ζεὺς κῦδος ἔδωκε.",0.000,neu,0.000,neu,0,0.403,pos,-0.406,neg
8,324,8.324,ΕΚΤΩΡ,κορυθαίολος,,,θῆκε δ’ ἐπὶ νευρῇ· τὸν δ’ αὖ κορυθαίολος Ἕκτωρ,0.000,neu,0.000,neu,0,-0.419,neg,-0.402,neg
8,356,8.356,ΕΚΤΩΡ,Πριαμίδης,Hera,Athena,"Ἕκτωρ Πριαμίδης, καὶ δὴ κακὰ πολλὰ ἔοργε.",-1.000,neg,-1.000,neg,1,0.404,pos,0.403,pos
8,377,8.377,ΕΚΤΩΡ,κορυθαίολος,Athena,Hera,ἢ νῶϊ Πριάμοιο πάϊς κορυθαίολος Ἕκτωρ,0.000,neu,0.000,neu,0,-0.402,neg,-0.402,neg
8,473,8.473,ΕΚΤΩΡ,πολέμου,Zeus,Hera,οὐ γὰρ πρὶν πολέμου ἀποπαύσεται ὄβριμος Ἕκτωρ,0.000,neu,0.000,neu,0,-0.417,neg,-0.417,neg
8,473,8.473,ΕΚΤΩΡ,ὄβριμος,Zeus,Hera,οὐ γὰρ πρὶν πολέμου ἀποπαύσεται ὄβριμος Ἕκτωρ,0.000,neu,0.000,neu,0,-0.417,neg,-0.417,neg
8,489,8.489,ΕΚΤΩΡ,φαίδιμος,,,Τρώων αὖτ’ ἀγορὴν ποιήσατο φαίδιμος Ἕκτωρ,0.000,neu,0.000,neu,0,-0.407,neg,-0.407,neg
9,351,9.351,ΕΚΤΩΡ,ἀνδροφόνοιο,Achilles,Odysseus,ἀλλ’ οὐδ’ ὧς δύναται σθένος Ἕκτορος ἀνδροφόνοιο,-0.500,neg,-0.500,neg,1,-0.402,neg,-0.402,neg
9,353,9.353,ΕΚΤΩΡ,ὀρνύμεν,Achilles,Odysseus,"οὐκ ἐθέλεσκε μάχην ἀπὸ τείχεος ὀρνύμεν Ἕκτωρ,",0.000,neu,0.000,neu,0,-0.403,neg,-0.406,neg
9,356,9.356,ΕΚΤΩΡ,δίῳ,Achilles,Odysseus,νῦν δ’ ἐπεὶ οὐκ ἐθέλω πολεμιζέμεν Ἕκτορι δίῳ,0.000,neu,0.000,neu,0,-0.402,neg,-0.402,neg
9,647,9.647,ΕΚΤΩΡ,δῖον,Achilles,Aias (son of Telamon),πρίν γ’ υἱὸν Πριάμοιο δαΐφρονος Ἕκτορα δῖον,0.000,neu,0.000,neu,0,-0.416,neg,-0.416,neg
10,200,10.200,ΕΚΤΩΡ,ὄβριμος,,,πιπτόντων· ὅθεν αὖτις ἀπετράπετ’ ὄβριμος Ἕκτωρ,0.000,neu,0.000,neu,0,-0.406,neg,-0.405,neg
10,356,10.356,ΕΚΤΩΡ,ὀτρύναντος,,,ἐκ Τρώων ἰέναι πάλιν Ἕκτορος ὀτρύναντος.,0.000,neu,0.000,neu,0,0.404,pos,0.404,pos
11,186,11.186,ΕΚΤΩΡ,ταχεῖα,Zeus,Iris,"βάσκ’ ἴθι Ἶρι ταχεῖα, τὸν Ἕκτορι μῦθον ἐνίσπες·",0.000,neu,0.000,neu,0,-0.402,neg,0.401,pos
11,197,11.197,ΕΚΤΩΡ,δῖον,,,εὗρ’ υἱὸν Πριάμοιο δαΐφρονος Ἕκτορα δῖον,0.000,neu,0.000,neu,0,-0.418,neg,-0.418,neg
11,295,11.295,ΕΚΤΩΡ,Πριαμίδης,,,Ἕκτωρ Πριαμίδης βροτολοιγῷ ἶσος Ἄρηϊ.,0.000,neu,0.000,neu,0,-0.404,neg,0.402,pos
11,295,11.295,ΕΚΤΩΡ,ἶσος,,,Ἕκτωρ Πριαμίδης βροτολοιγῷ ἶσος Ἄρηϊ.,0.000,neu,0.000,neu,0,-0.404,neg,0.402,pos
11,300,11.300,ΕΚΤΩΡ,Πριαμίδης,,,"Ἕκτωρ Πριαμίδης, ὅτε οἱ Ζεὺς κῦδος ἔδωκεν;",0.000,neu,0.000,neu,0,-0.403,neg,-0.406,neg
11,315,11.315,ΕΚΤΩΡ,κορυθαίολος,Odysseus,Diomedes,ἔσσεται εἴ κεν νῆας ἕλῃ κορυθαίολος Ἕκτωρ.,0.000,neu,0.000,neu,0,-0.407,neg,-0.405,neg
11,327,11.327,ΕΚΤΩΡ,δῖον,,,ἀσπασίως φεύγοντες ἀνέπνεον Ἕκτορα δῖον.,0.000,neu,0.000,neu,0,-0.404,neg,-0.402,neg
11,347,11.347,ΕΚΤΩΡ,ὄβριμος,Diomedes,Odysseus,νῶϊν δὴ τόδε πῆμα κυλίνδεται ὄβριμος Ἕκτωρ·,0.000,neu,0.000,neu,0,-0.405,neg,-0.404,neg
11,359,11.359,ΕΚΤΩΡ,τόφρ’,,,"τόφρ’ Ἕκτωρ ἔμπνυτο, καὶ ἂψ ἐς δίφρον ὀρούσας",0.000,neu,0.000,neu,0,0.401,pos,0.401,pos
11,820,11.820,ΕΚΤΩΡ,πελώριον,Patroclus,Eurypylus,"ἤ ῥ’ ἔτι που σχήσουσι πελώριον Ἕκτορ’ Ἀχαιοί,",0.000,neu,0.000,neu,0,-0.403,neg,-0.406,neg
12,10,12.10,ΕΚΤΩΡ,ζωὸς,,,ὄφρα μὲν Ἕκτωρ ζωὸς ἔην καὶ μήνῑ Ἀχιλλεὺς,0.000,neu,0.000,neu,0,-0.416,neg,-0.416,neg
12,39,12.39,ΕΚΤΩΡ,κρατερὸν,,,"Ἕκτορα δειδιότες, κρατερὸν μήστωρα φόβοιο·",0.000,neu,0.000,neu,0,-0.403,neg,-0.403,neg
12,60,12.60,ΕΚΤΩΡ,θρασὺν,,,δὴ τότε Πουλυδάμας θρασὺν Ἕκτορα εἶπε παραστάς·,0.000,neu,0.000,neu,0,-0.407,neg,-0.404,neg
12,83,12.83,ΕΚΤΩΡ,δῖον,,,"ἀλλ’ ἀπὸ πάντες ὄρουσαν, ἐπεὶ ἴδον Ἕκτορα δῖον.",0.000,neu,0.000,neu,0,0.401,pos,0.403,pos
12,92,12.92,ΕΚΤΩΡ,κάλλιπεν,,,ἄλλον Κεβριόναο χερείονα κάλλιπεν Ἕκτωρ.,0.000,neu,0.000,neu,0,-0.406,neg,-0.404,neg
12,210,12.210,ΕΚΤΩΡ,θρασὺν,,,δὴ τότε Πουλυδάμας θρασὺν Ἕκτορα εἶπε παραστάς·,0.000,neu,0.000,neu,0,-0.407,neg,-0.404,neg
12,230,12.230,ΕΚΤΩΡ,κορυθαίολος,,,τὸν δ’ ἄρ’ ὑπόδρα ἰδὼν προσέφη κορυθαίολος Ἕκτωρ·,0.000,neu,0.000,neu,0,-0.416,neg,-0.411,neg
12,290,12.290,ΕΚΤΩΡ,φαίδιμος,,,οὐδ’ ἄν πω τότε γε Τρῶες καὶ φαίδιμος Ἕκτωρ,0.000,neu,0.000,neu,0,-0.415,neg,-0.417,neg
12,462,12.462,ΕΚΤΩΡ,φαίδιμος,,,λᾶος ὑπὸ ῥιπῆς· ὃ δ’ ἄρ’ ἔσθορε φαίδιμος Ἕκτωρ,0.000,neu,0.000,neu,0,-0.403,neg,-0.407,neg
13,54,13.54,ΕΚΤΩΡ,Διὸς,Poseidon-Calchas,Aias (son of Oileus); Aias (son of Telamon),"Ἕκτωρ, ὃς Διὸς εὔχετ’ ἐρισθενέος πάϊς εἶναι.",0.000,neu,0.000,neu,0,0.403,pos,-0.401,neg
13,123,13.123,ΕΚΤΩΡ,ἀγαθὸς,Poseidon-Calchas,Greeks,Ἕκτωρ δὴ παρὰ νηυσὶ βοὴν ἀγαθὸς πολεμίζει,1.000,pos,1.000,pos,1,0.402,pos,0.402,pos
13,123,13.123,ΕΚΤΩΡ,βοὴν ἀγαθὸς,Poseidon-Calchas,Greeks,Ἕκτωρ δὴ παρὰ νηυσὶ βοὴν ἀγαθὸς πολεμίζει,1.000,pos,1.000,pos,1,0.402,pos,0.402,pos
13,129,13.129,ΕΚΤΩΡ,δῖον,,,"κρινθέντες Τρῶάς τε καὶ Ἕκτορα δῖον ἔμιμνον,",0.000,neu,0.000,neu,0,-0.402,neg,-0.403,neg
13,136,13.136,ΕΚΤΩΡ,ἄρ’,,,"Τρῶες δὲ προὔτυψαν ἀολλέες, ἦρχε δ’ ἄρ’ Ἕκτωρ",0.000,neu,0.000,neu,0,-0.416,neg,-0.407,neg
13,157,13.157,ΕΚΤΩΡ,Πριαμίδης,,,"Πριαμίδης, πρόσθεν δ’ ἔχεν ἀσπίδα πάντοσ’ ἐΐσην",0.000,neu,0.000,neu,0,-0.405,neg,-0.408,neg
13,586,13.586,ΕΚΤΩΡ,Πριαμίδης,,,Πριαμίδης μὲν ἔπειτα κατὰ στῆθος βάλεν ἰῷ,0.000,neu,0.000,neu,0,-0.401,neg,-0.401,neg
13,688,13.688,ΕΚΤΩΡ,εἴκελον,,,ὦσαι ἀπὸ σφείων φλογὶ εἴκελον Ἕκτορα δῖον,0.000,neu,0.000,neu,0,-0.417,neg,-0.417,neg
13,688,13.688,ΕΚΤΩΡ,δῖον,,,ὦσαι ἀπὸ σφείων φλογὶ εἴκελον Ἕκτορα δῖον,0.000,neu,0.000,neu,0,-0.417,neg,-0.417,neg
13,720,13.720,ΕΚΤΩΡ,χαλκοκορυστῇ,,,"μάρναντο Τρωσίν τε καὶ Ἕκτορι χαλκοκορυστῇ,",0.000,neu,0.000,neu,0,-0.406,neg,-0.411,neg
13,725,13.725,ΕΚΤΩΡ,θρασὺν,,,εἰ μὴ Πουλυδάμας θρασὺν Ἕκτορα εἶπε παραστάς·,0.000,neu,0.000,neu,0,-0.416,neg,-0.410,neg
13,802,13.802,ΕΚΤΩΡ,ἶσος,,,Ἕκτωρ δ’ ἡγεῖτο βροτολοιγῷ ἶσος Ἄρηϊ,0.000,neu,0.000,neu,0,-0.417,neg,-0.417,neg
13,803,13.803,ΕΚΤΩΡ,Πριαμίδης,,,Πριαμίδης· πρόσθεν δ’ ἔχεν ἀσπίδα πάντοσ’ ἐΐσην,0.000,neu,0.000,neu,0,-0.414,neg,-0.407,neg
13,823,13.823,ΕΚΤΩΡ,φαίδιμος,,,θάρσυνος οἰωνῷ· ὃ δ’ ἀμείβετο φαίδιμος Ἕκτωρ·,0.000,neu,0.000,neu,0,-0.407,neg,-0.402,neg
14,44,14.44,ΕΚΤΩΡ,ὄβριμος,Agamemnon,Nestor,"δείδω μὴ δή μοι τελέσῃ ἔπος ὄβριμος Ἕκτωρ,",0.000,neu,0.000,neu,0,-0.409,neg,-0.408,neg
14,375,14.375,ΕΚΤΩΡ,μάλα,Poseidon,Greeks,Ἕκτορα Πριαμίδην μενέειν μάλα περ μεμαῶτα.,0.000,neu,0.000,neu,0,0.405,pos,0.404,pos
14,387,14.387,ΕΚΤΩΡ,φαίδιμος,,,Τρῶας δ’ αὖθ’ ἑτέρωθεν ἐκόσμει φαίδιμος Ἕκτωρ.,0.000,neu,0.000,neu,0,-0.407,neg,-0.405,neg
14,390,14.390,ΕΚΤΩΡ,φαίδιμος,,,"κυανοχαῖτα Ποσειδάων καὶ φαίδιμος Ἕκτωρ,",0.000,neu,0.000,neu,0,-0.405,neg,-0.407,neg
14,401,14.401,ΕΚΤΩΡ,πρῶτος,,,Αἴαντος δὲ πρῶτος ἀκόντισε φαίδιμος Ἕκτωρ,0.000,neu,0.000,neu,0,-0.409,neg,-0.409,neg
14,401,14.401,ΕΚΤΩΡ,φαίδιμος,,,Αἴαντος δὲ πρῶτος ἀκόντισε φαίδιμος Ἕκτωρ,0.000,neu,0.000,neu,0,-0.409,neg,-0.409,neg
14,405,14.405,ΕΚΤΩΡ,δ’,,,"τώ οἱ ῥυσάσθην τέρενα χρόα. χώσατο δ’ Ἕκτωρ,",0.000,neu,0.000,neu,0,-0.402,neg,-0.405,neg
14,440,14.440,ΕΚΤΩΡ,νόσφι,,,Ἀργεῖοι δ’ ὡς οὖν ἴδον Ἕκτορα νόσφι κιόντα,0.000,neu,0.000,neu,0,-0.402,neg,-0.402,neg
15,15,15.15,ΕΚΤΩΡ,δῖον,Zeus,Hera,"Ἕκτορα δῖον ἔπαυσε μάχης, ἐφόβησε δὲ λαούς.",0.000,neu,0.000,neu,0,-0.402,neg,-0.406,neg
15,65,15.65,ΕΚΤΩΡ,φαίδιμος,Zeus,Hera,Πάτροκλον· τὸν δὲ κτενεῖ ἔγχεϊ φαίδιμος Ἕκτωρ,0.000,neu,0.000,neu,0,-0.417,neg,-0.408,neg
15,68,15.68,ΕΚΤΩΡ,δῖος,Zeus,Hera,τοῦ δὲ χολωσάμενος κτενεῖ Ἕκτορα δῖος Ἀχιλλεύς.,0.000,neu,0.000,neu,0,-0.407,neg,-0.405,neg
15,231,15.231,ΕΚΤΩΡ,φαίδιμος,Zeus,Apollo,σοὶ δ’ αὐτῷ μελέτω ἑκατηβόλε φαίδιμος Ἕκτωρ·,0.000,neu,0.000,neu,0,-0.406,neg,-0.403,neg
15,239,15.239,ΕΚΤΩΡ,δῖον,,,εὗρ’ υἱὸν Πριάμοιο δαΐφρονος Ἕκτορα δῖον,0.000,neu,0.000,neu,0,-0.418,neg,-0.418,neg
15,246,15.246,ΕΚΤΩΡ,κορυθαίολος,,,τὸν δ’ ὀλιγοδρανέων προσέφη κορυθαίολος Ἕκτωρ·,0.000,neu,0.000,neu,0,-0.417,neg,-0.410,neg
15,306,15.306,ΕΚΤΩΡ,ἄρ’,,,"Τρῶες δὲ προὔτυψαν ἀολλέες, ἦρχε δ’ ἄρ’ Ἕκτωρ",0.000,neu,0.000,neu,0,-0.416,neg,-0.407,neg
15,440,15.440,ΕΚΤΩΡ,μεγάθυμος,Aias (son of Telamon),Teucer,τὸν δ’ Ἕκτωρ μεγάθυμος ἀπέκτανε. ποῦ νύ τοι ἰοὶ,0.000,neu,0.000,neu,0,-0.416,neg,-0.404,neg
15,458,15.458,ΕΚΤΩΡ,χαλκοκορυστῇ,,,Τεῦκρος δ’ ἄλλον ὀϊστὸν ἐφ’ Ἕκτορι χαλκοκορυστῇ,0.000,neu,0.000,neu,0,-0.417,neg,-0.417,neg
15,504,15.504,ΕΚΤΩΡ,κορυθαίολος,Aias (son of Telamon),Greeks,ἦ ἔλπεσθ’ ἢν νῆας ἕλῃ κορυθαίολος Ἕκτωρ,0.000,neu,0.000,neu,0,-0.408,neg,-0.408,neg
15,583,15.583,ΕΚΤΩΡ,δῖον,,,"τεύχεα συλήσων· ἀλλ’ οὐ λάθεν Ἕκτορα δῖον,",0.000,neu,0.000,neu,0,-0.406,neg,-0.405,neg
15,604,15.604,ΕΚΤΩΡ,μάλα,,,Ἕκτορα Πριαμίδην μάλα περ μεμαῶτα καὶ αὐτόν.,0.000,neu,0.000,neu,0,0.403,pos,0.402,pos
15,649,15.649,ΕΚΤΩΡ,θέων,,,"Ἕκτωρ δ’ ὀξὺ νόησε, θέων δέ οἱ ἄγχι παρέστη,",0.000,neu,0.000,neu,0,-0.401,neg,-0.404,neg
15,652,15.652,ΕΚΤΩΡ,δῖον,,,χραισμεῖν· αὐτοὶ γὰρ μάλα δείδισαν Ἕκτορα δῖον.,0.000,neu,0.000,neu,0,-0.403,neg,0.402,pos
15,671,15.671,ΕΚΤΩΡ,ἀγαθὸν,,,"Ἕκτορα δὲ φράσσαντο βοὴν ἀγαθὸν καὶ ἑταίρους,",1.000,pos,1.000,pos,1,-0.406,neg,-0.406,neg
15,744,15.744,ΕΚΤΩΡ,ὀτρύναντος,,,"σὺν πυρὶ κηλείῳ, χάριν Ἕκτορος ὀτρύναντος,",0.000,neu,0.000,neu,0,-0.401,neg,0.401,pos
16,77,16.77,ΕΚΤΩΡ,ἀνδροφόνοιο,Achilles,Patroclus,ἐχθρῆς ἐκ κεφαλῆς· ἀλλ’ Ἕκτορος ἀνδροφόνοιο,-0.500,neg,-0.500,neg,1,0.401,pos,0.402,pos
16,358,16.358,ΕΚΤΩΡ,μέγας,,,Αἴας δ’ ὃ μέγας αἰὲν ἐφ’ Ἕκτορι χαλκοκορυστῇ,0.000,neu,0.000,neu,0,-0.402,neg,-0.402,neg
16,358,16.358,ΕΚΤΩΡ,χαλκοκορυστῇ,,,Αἴας δ’ ὃ μέγας αἰὲν ἐφ’ Ἕκτορι χαλκοκορυστῇ,0.000,neu,0.000,neu,0,-0.402,neg,-0.402,neg
16,367,16.367,ΕΚΤΩΡ,πέραον,,,οὐδὲ κατὰ μοῖραν πέραον πάλιν. Ἕκτορα δ’ ἵπποι,0.000,neu,0.000,neu,0,-0.406,neg,-0.402,neg
16,577,16.577,ΕΚΤΩΡ,φαίδιμος,,,τόν ῥα τόθ’ ἁπτόμενον νέκυος βάλε φαίδιμος Ἕκτωρ,0.000,neu,0.000,neu,0,-0.417,neg,-0.418,neg
16,588,16.588,ΕΚΤΩΡ,φαίδιμος,,,χώρησαν δ’ ὑπό τε πρόμαχοι καὶ φαίδιμος Ἕκτωρ.,0.000,neu,0.000,neu,0,-0.405,neg,-0.401,neg
16,649,16.649,ΕΚΤΩΡ,ἀντιθέῳ,,,αὐτοῦ ἐπ’ ἀντιθέῳ Σαρπηδόνι φαίδιμος Ἕκτωρ,0.000,neu,0.000,neu,0,-0.417,neg,-0.417,neg
16,649,16.649,ΕΚΤΩΡ,φαίδιμος,,,αὐτοῦ ἐπ’ ἀντιθέῳ Σαρπηδόνι φαίδιμος Ἕκτωρ,0.000,neu,0.000,neu,0,-0.417,neg,-0.417,neg
16,656,16.656,ΕΚΤΩΡ,πρωτίστῳ,,,Ἕκτορι δὲ πρωτίστῳ ἀνάλκιδα θυμὸν ἐνῆκεν·,0.000,neu,0.000,neu,0,-0.416,neg,-0.409,neg
16,717,16.717,ΕΚΤΩΡ,ἱπποδάμοιο,,,"Ἀσίῳ, ὃς μήτρως ἦν Ἕκτορος ἱπποδάμοιο",0.400,pos,0.400,pos,1,0.402,pos,-0.401,neg
16,727,16.727,ΕΚΤΩΡ,φαίδιμος,,,Κεβριόνῃ δ’ ἐκέλευσε δαΐφρονι φαίδιμος Ἕκτωρ,0.000,neu,0.000,neu,0,-0.407,neg,-0.407,neg
16,760,16.760,ΕΚΤΩΡ,Μενοιτιάδης,,,Πάτροκλός τε Μενοιτιάδης καὶ φαίδιμος Ἕκτωρ,0.000,neu,0.000,neu,0,-0.408,neg,-0.408,neg
16,760,16.760,ΕΚΤΩΡ,φαίδιμος,,,Πάτροκλός τε Μενοιτιάδης καὶ φαίδιμος Ἕκτωρ,0.000,neu,0.000,neu,0,-0.408,neg,-0.408,neg
16,828,16.828,ΕΚΤΩΡ,Πριαμίδης,,,"Ἕκτωρ Πριαμίδης σχεδὸν ἔγχεϊ θυμὸν ἀπηύρα,",0.000,neu,0.000,neu,0,-0.406,neg,-0.407,neg
16,840,16.840,ΕΚΤΩΡ,ἀνδροφόνοιο,Achilles,Patroclus,νῆας ἔπι γλαφυρὰς πρὶν Ἕκτορος ἀνδροφόνοιο,-0.500,neg,-0.500,neg,1,-0.417,neg,-0.417,neg
16,844,16.844,ΕΚΤΩΡ,μεγάλ’,Patroclus,Hector,ἤδη νῦν Ἕκτορ μεγάλ’ εὔχεο· σοὶ γὰρ ἔδωκε,0.000,neu,0.000,neu,0,-0.402,neg,-0.402,neg
16,858,16.858,ΕΚΤΩΡ,φαίδιμος,,,τὸν καὶ τεθνηῶτα προσηύδα φαίδιμος Ἕκτωρ·,0.000,neu,0.000,neu,0,-0.417,neg,-0.407,neg
17,72,17.72,ΕΚΤΩΡ,ἀτάλαντον,,,ὅς ῥά οἱ Ἕκτορ’ ἐπῶρσε θοῷ ἀτάλαντον Ἄρηϊ,0.000,neu,0.000,neu,0,-0.416,neg,-0.416,neg
17,96,17.96,ΕΚΤΩΡ,κορυθαίολος,Menelaus,Menelaus,Τρῶας δ’ ἐνθάδε πάντας ἄγει κορυθαίολος Ἕκτωρ.,0.000,neu,0.000,neu,0,-0.406,neg,-0.404,neg
17,107,17.107,ΕΚΤΩΡ,ἄρ’,,,τόφρα δ’ ἐπὶ Τρώων στίχες ἤλυθον· ἦρχε δ’ ἄρ’ Ἕκτωρ.,0.000,neu,0.000,neu,0,-0.403,neg,0.401,pos
17,122,17.122,ΕΚΤΩΡ,κορυθαίολος,Menelaus,Aias (son of Telamon),γυμνόν· ἀτὰρ τά γε τεύχε’ ἔχει κορυθαίολος Ἕκτωρ.,0.000,neu,0.000,neu,0,-0.407,neg,-0.404,neg
17,142,17.142,ΕΚΤΩΡ,ἄριστε,Glaucus (Lycian),Hector,Ἕκτορ εἶδος ἄριστε μάχης ἄρα πολλὸν ἐδεύεο.,0.000,neu,0.000,neu,0,0.403,pos,0.402,pos
17,169,17.169,ΕΚΤΩΡ,κορυθαίολος,,,τὸν δ’ ἄρ’ ὑπόδρα ἰδὼν προσέφη κορυθαίολος Ἕκτωρ·,0.000,neu,0.000,neu,0,-0.416,neg,-0.411,neg
17,188,17.188,ΕΚΤΩΡ,κορυθαίολος,,,ὣς ἄρα φωνήσας ἀπέβη κορυθαίολος Ἕκτωρ,0.000,neu,0.000,neu,0,-0.405,neg,-0.405,neg
17,262,17.262,ΕΚΤΩΡ,ἄρ’,,,Τρῶες δὲ προὔτυψαν ἀολλέες· ἦρχε δ’ ἄρ’ Ἕκτωρ.,0.000,neu,0.000,neu,0,-0.405,neg,-0.401,neg
17,316,17.316,ΕΚΤΩΡ,φαίδιμος,,,χώρησαν δ’ ὑπό τε πρόμαχοι καὶ φαίδιμος Ἕκτωρ·,0.000,neu,0.000,neu,0,-0.416,neg,-0.407,neg
17,428,17.428,ΕΚΤΩΡ,ἀνδροφόνοιο,,,ἐν κονίῃσι πεσόντος ὑφ’ Ἕκτορος ἀνδροφόνοιο.,-0.500,neg,-0.500,neg,1,0.401,pos,0.402,pos
17,449,17.449,ΕΚΤΩΡ,Πριαμίδης,Zeus,Balios; Xanthos,Ἕκτωρ Πριαμίδης ἐποχήσεται· οὐ γὰρ ἐάσω.,0.000,neu,0.000,neu,0,0.401,pos,0.401,pos
17,472,17.472,ΕΚΤΩΡ,δ’,Alcimedon,Automedon,"μοῦνος· ἀτάρ τοι ἑταῖρος ἀπέκτατο, τεύχεα δ’ Ἕκτωρ",0.000,neu,0.000,neu,0,-0.407,neg,-0.402,neg
17,483,17.483,ΕΚΤΩΡ,φαίδιμος,,,"Αὐτομέδων δ’ ἀπόρουσε· νόησε δὲ φαίδιμος Ἕκτωρ,",0.000,neu,0.000,neu,0,-0.407,neg,-0.407,neg
17,534,17.534,ΕΚΤΩΡ,θεοειδής,,,"Ἕκτωρ Αἰνείας τ’ ἠδὲ Χρομίος θεοειδής,",0.000,neu,0.000,neu,0,0.402,pos,-0.404,neg
17,565,17.565,ΕΚΤΩΡ,ἀλλ’,Menelaus,Athena-Phoenix,"ἀλλ’ Ἕκτωρ πυρὸς αἰνὸν ἔχει μένος, οὐδ’ ἀπολήγει",0.000,neu,0.000,neu,0,0.401,pos,-0.406,neg
17,576,17.576,ΕΚΤΩΡ,τίεν,,,ἀφνειός τ’ ἀγαθός τε· μάλιστα δέ μιν τίεν Ἕκτωρ,1.000,pos,0.000,neu,0,-0.403,neg,-0.407,neg
17,605,17.605,ΕΚΤΩΡ,ὁρμηθέντα,,,Ἕκτορα δ’ Ἰδομενεὺς μετὰ Λήϊτον ὁρμηθέντα,0.000,neu,0.000,neu,0,-0.401,neg,-0.401,neg
17,616,17.616,ΕΚΤΩΡ,ἀνδροφόνοιο,,,αὐτὸς δ’ ὤλεσε θυμὸν ὑφ’ Ἕκτορος ἀνδροφόνοιο·,-0.500,neg,-0.500,neg,1,-0.415,neg,-0.408,neg
17,638,17.638,ΕΚΤΩΡ,ἀνδροφόνοιο,Aias (son of Telamon),Greeks; Zeus,Ἕκτορος ἀνδροφόνοιο μένος καὶ χεῖρας ἀάπτους,-0.500,neg,-0.500,neg,1,-0.403,neg,-0.403,neg
17,693,17.693,ΕΚΤΩΡ,κορυθαίολος,Menelaus,Antilochus,γυμνόν· ἀτὰρ τά γε τεύχε’ ἔχει κορυθαίολος Ἕκτωρ.,0.000,neu,0.000,neu,0,-0.407,neg,-0.404,neg
17,719,17.719,ΕΚΤΩΡ,δίῳ,Aias (son of Telamon),Menelaus,νῶϊ μαχησόμεθα Τρωσίν τε καὶ Ἕκτορι δίῳ,0.000,neu,0.000,neu,0,-0.405,neg,-0.405,neg
17,754,17.754,ΕΚΤΩΡ,Ἀγχισιάδης,,,Αἰνείας τ’ Ἀγχισιάδης καὶ φαίδιμος Ἕκτωρ.,0.000,neu,0.000,neu,0,0.402,pos,0.403,pos
17,754,17.754,ΕΚΤΩΡ,φαίδιμος,,,Αἰνείας τ’ Ἀγχισιάδης καὶ φαίδιμος Ἕκτωρ.,0.000,neu,0.000,neu,0,0.402,pos,0.403,pos
18,21,18.21,ΕΚΤΩΡ,κορυθαίολος,Antilochus,Achilles,γυμνοῦ· ἀτὰρ τά γε τεύχε’ ἔχει κορυθαίολος Ἕκτωρ.,0.000,neu,0.000,neu,0,-0.407,neg,-0.404,neg
18,82,18.82,ΕΚΤΩΡ,δ’,Achilles,Thetis,"ἶσον ἐμῇ κεφαλῇ; τὸν ἀπώλεσα, τεύχεα δ’ Ἕκτωρ",0.000,neu,0.000,neu,0,-0.405,neg,0.401,pos
18,103,18.103,ΕΚΤΩΡ,δίῳ,Achilles,Thetis,"τοῖς ἄλλοις, οἳ δὴ πολέες δάμεν Ἕκτορι δίῳ,",0.000,neu,0.000,neu,0,0.404,pos,0.403,pos
18,131,18.131,ΕΚΤΩΡ,κορυθαίολος,Thetis,Achilles,χάλκεα μαρμαίροντα· τὰ μὲν κορυθαίολος Ἕκτωρ,0.000,neu,0.000,neu,0,-0.416,neg,-0.403,neg
18,149,18.149,ΕΚΤΩΡ,ἀνδροφόνοιο,,,θεσπεσίῳ ἀλαλητῷ ὑφ’ Ἕκτορος ἀνδροφόνοιο,-0.500,neg,-0.500,neg,1,-0.417,neg,-0.417,neg
18,154,18.154,ΕΚΤΩΡ,εἴκελος,,,Ἕκτωρ τε Πριάμοιο πάϊς φλογὶ εἴκελος ἀλκήν.,0.000,neu,0.000,neu,0,-0.406,neg,-0.415,neg
18,155,18.155,ΕΚΤΩΡ,φαίδιμος,,,τρὶς μέν μιν μετόπισθε ποδῶν λάβε φαίδιμος Ἕκτωρ,0.000,neu,0.000,neu,0,-0.405,neg,-0.404,neg
18,175,18.175,ΕΚΤΩΡ,φαίδιμος,Iris,Achilles,Τρῶες ἐπιθύουσι· μάλιστα δὲ φαίδιμος Ἕκτωρ,0.000,neu,0.000,neu,0,-0.414,neg,-0.402,neg
18,284,18.284,ΕΚΤΩΡ,κορυθαίολος,,,τὸν δ’ ἄρ’ ὑπόδρα ἰδὼν προσέφη κορυθαίολος Ἕκτωρ·,0.000,neu,0.000,neu,0,-0.416,neg,-0.411,neg
19,134,19.134,ΕΚΤΩΡ,μέγας,Agamemnon,Greeks,"ὣς καὶ ἐγών, ὅτε δ’ αὖτε μέγας κορυθαίολος Ἕκτωρ",0.000,neu,0.000,neu,0,-0.408,neg,-0.401,neg
19,134,19.134,ΕΚΤΩΡ,κορυθαίολος,Agamemnon,Greeks,"ὣς καὶ ἐγών, ὅτε δ’ αὖτε μέγας κορυθαίολος Ἕκτωρ",0.000,neu,0.000,neu,0,-0.408,neg,-0.401,neg
19,204,19.204,ΕΚΤΩΡ,Πριαμίδης,Achilles,Agamemnon,"Ἕκτωρ Πριαμίδης, ὅτε οἱ Ζεὺς κῦδος ἔδωκεν,",0.000,neu,0.000,neu,0,0.402,pos,-0.406,neg
20,240,20.240,ΕΚΤΩΡ,δῖον,Aeneas,Achilles,"αὐτὰρ ἔμ’ Ἀγχίσης, Πρίαμος δ’ ἔτεχ’ Ἕκτορα δῖον.",0.000,neu,0.000,neu,0,-0.403,neg,-0.401,neg
20,364,20.364,ΕΚΤΩΡ,φαίδιμος,,,ὣς φάτ’ ἐποτρύνων· Τρώεσσι δὲ φαίδιμος Ἕκτωρ,0.000,neu,0.000,neu,0,-0.404,neg,-0.403,neg
20,428,20.428,ΕΚΤΩΡ,δῖον,,,"ἦ, καὶ ὑπόδρα ἰδὼν προσεφώνεεν Ἕκτορα δῖον·",0.000,neu,0.000,neu,0,-0.408,neg,-0.404,neg
20,430,20.430,ΕΚΤΩΡ,κορυθαίολος,,,τὸν δ’ οὐ ταρβήσας προσέφη κορυθαίολος Ἕκτωρ·,0.000,neu,0.000,neu,0,-0.416,neg,-0.411,neg
20,440,20.440,ΕΚΤΩΡ,δῖον,,,"ἦκα μάλα ψύξασα· τὸ δ’ ἂψ ἵκεθ’ Ἕκτορα δῖον,",0.000,neu,0.000,neu,0,-0.404,neg,-0.404,neg
21,5,21.5,ΕΚΤΩΡ,φαίδιμος,,,"ἤματι τῷ προτέρῳ, ὅτε μαίνετο φαίδιμος Ἕκτωρ·",0.000,neu,0.000,neu,0,-0.405,neg,-0.403,neg
22,38,22.38,ΕΚΤΩΡ,μίμνε,Priam,Hector,Ἕκτορ μή μοι μίμνε φίλον τέκος ἀνέρα τοῦτον,0.500,pos,0.500,pos,1,-0.416,neg,-0.416,neg
22,82,22.82,ΕΚΤΩΡ,τέκνον,Hecuba,Hector,Ἕκτορ τέκνον ἐμὸν τάδε τ’ αἴδεο καί μ’ ἐλέησον,0.000,neu,0.000,neu,0,-0.402,neg,0.402,pos
22,161,22.161,ΕΚΤΩΡ,ἱπποδάμοιο,,,ἀλλὰ περὶ ψυχῆς θέον Ἕκτορος ἱπποδάμοιο.,0.400,pos,0.400,pos,1,0.401,pos,0.401,pos
22,188,22.188,ΕΚΤΩΡ,ὠκὺς,,,Ἕκτορα δ’ ἀσπερχὲς κλονέων ἔφεπ’ ὠκὺς Ἀχιλλεύς.,0.000,neu,0.000,neu,0,-0.407,neg,-0.416,neg
22,193,22.193,ΕΚΤΩΡ,ποδώκεα,,,ὣς Ἕκτωρ οὐ λῆθε ποδώκεα Πηλεΐωνα.,0.000,neu,0.000,neu,0,-0.406,neg,-0.405,neg
22,211,22.211,ΕΚΤΩΡ,ἱπποδάμοιο,,,"τὴν μὲν Ἀχιλλῆος, τὴν δ’ Ἕκτορος ἱπποδάμοιο,",0.400,pos,0.400,pos,1,-0.404,neg,-0.405,neg
22,226,22.226,ΕΚΤΩΡ,δῖον,,,"ἣ δ’ ἄρα τὸν μὲν ἔλειπε, κιχήσατο δ’ Ἕκτορα δῖον",0.000,neu,0.000,neu,0,-0.408,neg,-0.410,neg
22,232,22.232,ΕΚΤΩΡ,μέγας,,,τὴν δ’ αὖτε προσέειπε μέγας κορυθαίολος Ἕκτωρ·,0.000,neu,0.000,neu,0,-0.416,neg,-0.409,neg
22,232,22.232,ΕΚΤΩΡ,κορυθαίολος,,,τὴν δ’ αὖτε προσέειπε μέγας κορυθαίολος Ἕκτωρ·,0.000,neu,0.000,neu,0,-0.416,neg,-0.409,neg
22,249,22.249,ΕΚΤΩΡ,πρότερος,,,τὸν πρότερος προσέειπε μέγας κορυθαίολος Ἕκτωρ·,0.000,neu,0.000,neu,0,-0.417,neg,-0.408,neg
22,249,22.249,ΕΚΤΩΡ,μέγας,,,τὸν πρότερος προσέειπε μέγας κορυθαίολος Ἕκτωρ·,0.000,neu,0.000,neu,0,-0.417,neg,-0.408,neg
22,249,22.249,ΕΚΤΩΡ,κορυθαίολος,,,τὸν πρότερος προσέειπε μέγας κορυθαίολος Ἕκτωρ·,0.000,neu,0.000,neu,0,-0.417,neg,-0.408,neg
22,261,22.261,ΕΚΤΩΡ,ἄλαστε,Achilles,Hector,Ἕκτορ μή μοι ἄλαστε συνημοσύνας ἀγόρευε·,0.000,neu,0.000,neu,0,-0.413,neg,-0.406,neg
22,274,22.274,ΕΚΤΩΡ,φαίδιμος,,,καὶ τὸ μὲν ἄντα ἰδὼν ἠλεύατο φαίδιμος Ἕκτωρ·,0.000,neu,0.000,neu,0,-0.416,neg,-0.409,neg
22,291,22.291,ΕΚΤΩΡ,δ’,,,τῆλε δ’ ἀπεπλάγχθη σάκεος δόρυ· χώσατο δ’ Ἕκτωρ,0.000,neu,0.000,neu,0,-0.418,neg,-0.412,neg
22,320,22.320,ΕΚΤΩΡ,δίῳ,,,πάλλεν δεξιτερῇ φρονέων κακὸν Ἕκτορι δίῳ,-1.000,neg,-1.000,neg,1,-0.406,neg,-0.406,neg
22,337,22.337,ΕΚΤΩΡ,κορυθαίολος,,,τὸν δ’ ὀλιγοδρανέων προσέφη κορυθαίολος Ἕκτωρ·,0.000,neu,0.000,neu,0,-0.417,neg,-0.410,neg
22,355,22.355,ΕΚΤΩΡ,κορυθαίολος,,,τὸν δὲ καταθνῄσκων προσέφη κορυθαίολος Ἕκτωρ·,0.000,neu,0.000,neu,0,-0.418,neg,-0.410,neg
22,393,22.393,ΕΚΤΩΡ,δῖον,Achilles,Greeks,"ἠράμεθα μέγα κῦδος· ἐπέφνομεν Ἕκτορα δῖον,",0.000,neu,0.000,neu,0,-0.405,neg,-0.405,neg
22,395,22.395,ΕΚΤΩΡ,δῖον,,,"ἦ ῥα, καὶ Ἕκτορα δῖον ἀεικέα μήδετο ἔργα.",0.000,neu,0.000,neu,0,0.401,pos,0.401,pos
22,455,22.455,ΕΚΤΩΡ,θρασὺν,Andromache,servants,δείδω μὴ δή μοι θρασὺν Ἕκτορα δῖος Ἀχιλλεὺς,0.000,neu,0.000,neu,0,-0.416,neg,-0.416,neg
22,455,22.455,ΕΚΤΩΡ,δῖος,Andromache,servants,δείδω μὴ δή μοι θρασὺν Ἕκτορα δῖος Ἀχιλλεὺς,0.000,neu,0.000,neu,0,-0.416,neg,-0.416,neg
22,471,22.471,ΕΚΤΩΡ,κορυθαίολος,,,ἤματι τῷ ὅτε μιν κορυθαίολος ἠγάγεθ’ Ἕκτωρ,0.000,neu,0.000,neu,0,-0.415,neg,-0.415,neg
23,24,23.24,ΕΚΤΩΡ,δῖον,,,ἦ ῥα καὶ Ἕκτορα δῖον ἀεικέα μήδετο ἔργα,0.000,neu,0.000,neu,0,-0.416,neg,-0.416,neg
24,22,24.22,ΕΚΤΩΡ,δῖον,,,ὣς ὃ μὲν Ἕκτορα δῖον ἀείκιζεν μενεαίνων·,0.000,neu,0.000,neu,0,-0.404,neg,-0.403,neg
24,50,24.50,ΕΚΤΩΡ,δῖον,Apollo,gods,"αὐτὰρ ὅ γ’ Ἕκτορα δῖον, ἐπεὶ φίλον ἦτορ ἀπηύρα,",0.500,pos,0.500,pos,1,-0.403,neg,-0.404,neg
24,72,24.72,ΕΚΤΩΡ,θρασὺν,Zeus,Hera,λάθρῃ Ἀχιλλῆος θρασὺν Ἕκτορα· ἦ γάρ οἱ αἰεὶ,0.000,neu,0.000,neu,0,-0.402,neg,-0.401,neg
24,175,24.175,ΕΚΤΩΡ,δῖον,Iris,Priam,"λύσασθαί σ’ ἐκέλευσεν Ὀλύμπιος Ἕκτορα δῖον,",0.000,neu,0.000,neu,0,-0.409,neg,-0.409,neg
24,390,24.390,ΕΚΤΩΡ,δῖον,Hermes-young man,Priam,πειρᾷ ἐμεῖο γεραιὲ καὶ εἴρεαι Ἕκτορα δῖον.,0.000,neu,0.000,neu,0,0.402,pos,0.402,pos
24,509,24.509,ΕΚΤΩΡ,ἀνδροφόνοιο,,,τὼ δὲ μνησαμένω ὃ μὲν Ἕκτορος ἀνδροφόνοιο,-0.500,neg,-0.500,neg,1,0.401,pos,0.401,pos
24,593,24.593,ΕΚΤΩΡ,δῖον,Achilles,Patroclus,εἰν Ἄϊδός περ ἐὼν ὅτι Ἕκτορα δῖον ἔλυσα,0.000,neu,0.000,neu,0,-0.418,neg,-0.418,neg
24,657,24.657,ΕΚΤΩΡ,δῖον,Achilles,Priam,"ποσσῆμαρ μέμονας κτερεϊζέμεν Ἕκτορα δῖον,",0.000,neu,0.000,neu,0,-0.405,neg,-0.407,neg
24,660,24.660,ΕΚΤΩΡ,δίῳ,Priam,Achilles,"εἰ μὲν δή μ’ ἐθέλεις τελέσαι τάφον Ἕκτορι δίῳ,",0.000,neu,0.000,neu,0,-0.401,neg,-0.402,neg
24,724,24.724,ΕΚΤΩΡ,ἀνδροφόνοιο,,,Ἕκτορος ἀνδροφόνοιο κάρη μετὰ χερσὶν ἔχουσα·,-0.500,neg,-0.500,neg,1,-0.408,neg,-0.406,neg
24,748,24.748,ΕΚΤΩΡ,φίλτατε,Hecuba,Hector,"Ἕκτορ ἐμῷ θυμῷ πάντων πολὺ φίλτατε παίδων,",0.000,neu,0.000,neu,0,-0.403,neg,-0.403,neg
24,762,24.762,ΕΚΤΩΡ,φίλτατε,Helena,Hector,"Ἕκτορ ἐμῷ θυμῷ δαέρων πολὺ φίλτατε πάντων,",0.000,neu,0.000,neu,0,0.403,pos,-0.402,neg
24,786,24.786,ΕΚΤΩΡ,θρασὺν,,,"καὶ τότ’ ἄρ’ ἐξέφερον θρασὺν Ἕκτορα δάκρυ χέοντες,",0.000,neu,0.000,neu,0,-0.404,neg,-0.407,neg
24,789,24.789,ΕΚΤΩΡ,κλυτοῦ,,,τῆμος ἄρ’ ἀμφὶ πυρὴν κλυτοῦ Ἕκτορος ἔγρετο λαός.,0.000,neu,0.000,neu,0,-0.404,neg,-0.404,neg
24,804,24.804,ΕΚΤΩΡ,ἱπποδάμοιο,,,ὣς οἵ γ’ ἀμφίεπον τάφον Ἕκτορος ἱπποδάμοιο.,0.400,pos,0.400,pos,1,-0.405,neg,-0.403,neg
