Book,Line,Hero,Epithet,Lemma,POS,WordCount,Case,Number,Gender,Tense,Voice,Mood,Greek
10,49,HEKTOR,φίλος,φίλος,ADJ,1,Nom,Sing,Masc,,,,ὅσσ̓ Ἕκτωρ ἔρρεξε Διῒ φίλος υἷας Ἀχαιῶν
10,200,HEKTOR,ὄβριμος,ὄβριμος,ADJ,1,Nom,Sing,Masc,,,,"ὅθεν αὖτις ἀπετράπετ̓ ὄβριμος Ἕκτωρ , . [0]"
10,201,HEKTOR,ὀλλὺς,ὄλλυμι,VERB,1,Nom,Sing,Masc,Pres,Act,Part,ὀλλὺς Ἀργείους ὅτε δὴ περὶ νὺξ ἐκάλυψεν
11,295,HEKTOR,ἶσος,ἴσος,ADJ,1,Nom,Sing,Masc,,,,Ἕκτωρ Πριαμίδης βροτολοιγῷ ἶσος Ἄρηϊ
11,315,HEKTOR,κορυθαίολος,κορυθαίολος,ADJ,1,Nom,Sing,Masc,,,,ἔσσεται εἴ κεν νῆας ἕλῃ κορυθαίολος Ἕκτωρ
11,347,HEKTOR,ὄβριμος,ὄβριμος,ADJ,1,Nom,Sing,Masc,,,,νῶϊν δὴ τόδε πῆμα κυλίνδεται ὄβριμος Ἕκτωρ · [0]
11,359,HEKTOR,ὀρούσας,ὀρούω,VERB,1,Nom,Sing,Masc,Aor,Act,Part,τόφῤ Ἕκτωρ ἔμπνυτο καὶ ἂψ ἐς δίφρον ὀρούσας
11,502,HEKTOR,ῥέζων,ῥέζω,VERB,1,Nom,Sing,Masc,Pres,Act,Part,"Ἕκτωρ μὲν μετὰ τοῖσιν ὁμίλει μέρμερα ῥέζων , ·"
12,10,HEKTOR,ζωὸς,ζωός,ADJ,1,Nom,Sing,Masc,,,,"ὄφρα μὲν Ἕκτωρ ζωὸς ἔην καὶ μήνἰ Ἀχιλλεὺς , ."
12,49,HEKTOR,ἰὼν,εἶμι,VERB,1,Nom,Sing,Masc,Pres,Act,Part,ὣς Ἕκτωρ ἀν̓ ὅμιλον ἰὼν ἐλλίσσεθ̓ ἑταίρους · [0]
12,50,HEKTOR,ἐποτρύνων,ἐποτρύνω,VERB,1,Nom,Sing,Masc,Pres,Act,Part,τάφρον ἐποτρύνων διαβαινέμεν
12,230,HEKTOR,ἰδὼν,εἶδον,VERB,1,Nom,Sing,Masc,Aor,Act,Part,τὸν δ̓ ἄῤ ὑπόδρα ἰδὼν προσέφη κορυθαίολος Ἕκτωρ ·
12,230,HEKTOR,κορυθαίολος,κορυθαίολος,ADJ,1,Nom,Sing,Masc,,,,τὸν δ̓ ἄῤ ὑπόδρα ἰδὼν προσέφη κορυθαίολος Ἕκτωρ ·
12,290,HEKTOR,φαίδιμος,φαίδιμος,ADJ,1,Nom,Sing,Masc,,,,"οὐ δ̓ ἄν πω τότε γε Τρῶες καὶ φαίδιμος Ἕκτωρ , . [0] [1]"
12,445,HEKTOR,ἁρπάξας,ἁρπάζω,VERB,1,Nom,Sing,Masc,Aor,Act,Part,Ἕκτωρ δ̓ ἁρπάξας λᾶαν φέρεν ὅς ῥα πυλάων
12,453,HEKTOR,ἀείρας,ἀείρω,VERB,1,Nom,Sing,Masc,Aor,Act,Part,ὣς Ἕκτωρ ἰθὺς σανίδων φέρε λᾶαν ἀείρας
12,462,HEKTOR,φαίδιμος,φαίδιμος,ADJ,1,Nom,Sing,Masc,,,,ὃ δ̓ ἄῤ ἔσθορε φαίδιμος Ἕκτωρ · [0]
12,463,HEKTOR,ἀτάλαντος,ἀτάλαντος,ADJ,1,Nom,Sing,Masc,,,,νυκτὶ θοῇ ἀτάλαντος ὑπώπια
13,53,HEKTOR,εἴκελος,εἴκελος,ADJ,1,Nom,Sing,Masc,,,,ᾗ ῥ̓ ὅ γ̓ ὁ λυσσώδης φλογὶ εἴκελος ἡγεμονεύει
13,123,HEKTOR,ἀγαθὸς,ἀγαθός,ADJ,1,Nom,Sing,Masc,,,,"Ἕκτωρ δὴ παρὰ νηυσὶ βοὴν ἀγαθὸς πολεμίζει , ."
13,124,HEKTOR,καρτερός,καρτερός,ADJ,1,Nom,Sing,Masc,,,,καρτερός ἔρρηξεν δὲ πύλας καὶ μακρὸν ὀχῆα
13,137,HEKTOR,μεμαώς,μέμαα,VERB,1,Nom,Sing,Masc,Perf,Act,Part,ἀντικρὺ μεμαώς ὀλοοίτροχος ὣς ἀπὸ πέτρης
13,674,HEKTOR,φίλος,φίλος,ADJ,1,Nom,Sing,Masc,,,,"Ἕκτωρ δ̓ οὐκ ἐπέπυστο Διῒ φίλος , οὐ δέ τι ᾔδη ."
13,802,HEKTOR,ἶσος,ἴσος,ADJ,1,Nom,Sing,Masc,,,,Ἕκτωρ δ̓ ἡγεῖτο βροτολοιγῷ ἶσος Ἄρηϊ ·
13,823,HEKTOR,φαίδιμος,φαίδιμος,ADJ,1,Nom,Sing,Masc,,,,ὃ δ̓ ἀμείβετο φαίδιμος Ἕκτωρ ·
14,44,HEKTOR,ὄβριμος,ὄβριμος,ADJ,1,Nom,Sing,Masc,,,,"δείδω μὴ δή μοι τελέσῃ ἔπος ὄβριμος Ἕκτωρ , , ."
14,45,HEKTOR,ἀγορεύων,ἀγορεύω,VERB,1,Nom,Sing,Masc,Pres,Act,Part,ὥς ποτ̓ ἐπηπείλησεν ἐνὶ Τρώεσσ̓ ἀγορεύων
14,388,HEKTOR,φαίδιμος,φαίδιμος,ADJ,1,Nom,Sing,Masc,,,,Τρῶας δ̓ αὖθ̓ ἑτέρωθεν ἐκόσμει φαίδιμος Ἕκτωρ .
14,390,HEKTOR,κυανοχαῖτα,κυανοχαίτης,ADJ,1,Nom,Sing,Masc,,,,κυανοχαῖτα Ποσειδάων καὶ φαίδιμος Ἕκτωρ
14,390,HEKTOR,φαίδιμος,φαίδιμος,ADJ,1,Nom,Sing,Masc,,,,κυανοχαῖτα Ποσειδάων καὶ φαίδιμος Ἕκτωρ
14,402,HEKTOR,πρῶτος,πρότερος,ADJ,1,Nom,Sing,Masc,,,,"Αἴαντος δὲ πρῶτος ἀκόντισε φαίδιμος Ἕκτωρ , , , , , ·"
14,402,HEKTOR,φαίδιμος,φαίδιμος,ADJ,1,Nom,Sing,Masc,,,,"Αἴαντος δὲ πρῶτος ἀκόντισε φαίδιμος Ἕκτωρ , , , , , ·"
15,65,HEKTOR,φαίδιμος,φαίδιμος,ADJ,1,Nom,Sing,Masc,,,,"τὸν δὲ κτενεῖ ἔγχεϊ φαίδιμος Ἕκτωρ , . [0]"
15,231,HEKTOR,φαίδιμος,φαίδιμος,ADJ,1,Nom,Sing,Masc,,,,σοὶ δ̓ αὐτῷ μελέτω ἑκατηβόλε φαίδιμος Ἕκτωρ ·
15,246,HEKTOR,ὀλιγοδρανέων,ὀλιγοδρανέων,VERB,1,Nom,Sing,Masc,Pres,Act,Part,τὸν δ̓ ὀλιγοδρανέων προσέφη κορυθαίολος Ἕκτωρ ·
15,246,HEKTOR,κορυθαίολος,κορυθαίολος,ADJ,1,Nom,Sing,Masc,,,,τὸν δ̓ ὀλιγοδρανέων προσέφη κορυθαίολος Ἕκτωρ ·
15,270,HEKTOR,ὀτρύνων,ὀτρύνω,VERB,1,Nom,Sing,Masc,Pres,Act,Part,ὀτρύνων ἱππῆας ἐπεὶ θεοῦ ἔκλυεν αὐδήν
15,287,HEKTOR,ἀλύξας,ἀλύσκω,VERB,1,Nom,Sing,Masc,Aor,Act,Part,οἷον δ̓ αὖτ̓ ἐξαῦτις ἀνέστη κῆρας ἀλύξας
15,307,HEKTOR,βιβάς,βίβημι,VERB,1,Nom,Sing,Masc,Pres,Act,Part,μακρὰ βιβάς
15,346,HEKTOR,ἀΰσας,αὔω,VERB,1,Nom,Sing,Masc,Aor,Act,Part,"Ἕκτωρ δὲ Τρώεσσιν ἐκέκλετο μακρὸν ἀΰσας , ·"
15,440,HEKTOR,μεγάθυμος,μεγάθυμος,ADJ,1,Nom,Sing,Masc,,,,τὸν δ̓ Ἕκτωρ μεγάθυμος ἀπέκτανε .
15,504,HEKTOR,κορυθαίολος,κορυθαίολος,ADJ,1,Nom,Sing,Masc,,,,ἦ ἔλπεσθ̓ ἢν νῆας ἕλῃ κορυθαίολος Ἕκτωρ ;
15,505,HEKTOR,ἕκαστος,ἕκαστος,ADJ,1,Nom,Sing,Masc,,,,ἐμβαδὸν ἵξεσθαι ἣν πατρίδα γαῖαν ἕκαστος
15,649,HEKTOR,θέων,θέω,VERB,1,Nom,Sing,Masc,Pres,Act,Part,"Ἕκτωρ δ̓ ὀξὺ νόησε , θέων δέ οἱ ἄγχι παρέστη , , ·"
15,694,HEKTOR,ἀντίος ἀΐξας,ἀντίος ἀίσσω,ADJ+VERB,2,Nom,Sing,Masc,,,,ἀντίος ἀΐξας
16,114,HEKTOR,παραστὰς,παρίστημι,VERB,1,Nom,Sing,Masc,Aor,Act,Part,"Ἕκτωρ Αἴαντος δόρυ μείλινον ἄγχι παραστὰς , ·"
16,243,HEKTOR,οἶος,οἶος,ADJ,1,Nom,Sing,Masc,,,,εἴσεται ἤ ῥα καὶ οἶος ἐπίστηται πολεμίζειν
16,553,HEKTOR,χωόμενος,χώομαι,VERB,1,Nom,Sing,Masc,Pres,Mp,Part,Ἕκτωρ χωόμενος Σαρπηδόνος
16,577,HEKTOR,φαίδιμος,φαίδιμος,ADJ,1,Nom,Sing,Masc,,,,τόν ῥα τόθ̓ ἁπτόμενον νέκυος βάλε φαίδιμος Ἕκτωρ ·
16,588,HEKTOR,φαίδιμος,φαίδιμος,ADJ,1,Nom,Sing,Masc,,,,χώρησαν δ̓ ὑπό τε πρόμαχοι καὶ φαίδιμος Ἕκτωρ .
16,649,HEKTOR,φαίδιμος,φαίδιμος,ADJ,1,Nom,Sing,Masc,,,,αὐτοῦ ἐπ̓ ἀντιθέῳ Σαρπηδόνι φαίδιμος Ἕκτωρ
16,727,HEKTOR,φαίδιμος,φαίδιμος,ADJ,1,Nom,Sing,Masc,,,,Κεβριόνῃ δ̓ ἐκέλευσε δαΐφρονι φαίδιμος Ἕκτωρ
16,760,HEKTOR,φαίδιμος,φαίδιμος,ADJ,1,Nom,Sing,Masc,,,,Πάτροκλός τε Μενοιτιάδης καὶ φαίδιμος Ἕκτωρ
16,858,HEKTOR,φαίδιμος,φαίδιμος,ADJ,1,Nom,Sing,Masc,,,,τὸν καὶ τεθνηῶτα προσηύδα φαίδιμος Ἕκτωρ ·
17,96,HEKTOR,κορυθαίολος,κορυθαίολος,ADJ,1,Nom,Sing,Masc,,,,Τρῶας δ̓ ἐνθάδε πάντας ἄγει κορυθαίολος Ἕκτωρ .
17,122,HEKTOR,κορυθαίολος,κορυθαίολος,ADJ,1,Nom,Sing,Masc,,,,ἀτὰρ τά γε τεύχἐ ἔχει κορυθαίολος Ἕκτωρ .
17,129,HEKTOR,ἰὼν,εἶμι,VERB,1,Nom,Sing,Masc,Pres,Act,Part,"Ἕκτωρ δ̓ ἂψ ἐς ὅμιλον ἰὼν ἀνεχάζεθ̓ ἑταίρων , ·"
17,169,HEKTOR,ἰδὼν,εἶδον,VERB,1,Nom,Sing,Masc,Aor,Act,Part,τὸν δ̓ ἄῤ ὑπόδρα ἰδὼν προσέφη κορυθαίολος Ἕκτωρ ·
17,169,HEKTOR,κορυθαίολος,κορυθαίολος,ADJ,1,Nom,Sing,Masc,,,,τὸν δ̓ ἄῤ ὑπόδρα ἰδὼν προσέφη κορυθαίολος Ἕκτωρ ·
17,188,HEKTOR,φωνήσας,φωνέω,VERB,1,Nom,Sing,Masc,Aor,Act,Part,ὣς ἄρα φωνήσας ἀπέβη κορυθαίολος Ἕκτωρ ·
17,188,HEKTOR,κορυθαίολος,κορυθαίολος,ADJ,1,Nom,Sing,Masc,,,,ὣς ἄρα φωνήσας ἀπέβη κορυθαίολος Ἕκτωρ ·
17,244,HEKTOR,αἰπὺς,αἰπύς,ADJ,1,Nom,Sing,Masc,,,,Ἕκτωρ ἡμῖν δ̓ αὖτ̓ ἀναφαίνεται αἰπὺς ὄλεθρος
17,316,HEKTOR,φαίδιμος,φαίδιμος,ADJ,1,Nom,Sing,Masc,,,,χώρησαν δ̓ ὑπό τε πρόμαχοι καὶ φαίδιμος Ἕκτωρ ·
17,473,HEKTOR,αὐτὸς ἔχων,αὐτός ἔχω,ADJ+VERB,2,Nom,Sing,Masc,,,,αὐτὸς ἔχων ὤμοισιν ἀγάλλεται Αἰακίδαο
17,483,HEKTOR,φαίδιμος,φαίδιμος,ADJ,1,Nom,Sing,Masc,,,,"νόησε δὲ φαίδιμος Ἕκτωρ , ·"
17,534,HEKTOR,θεοειδής,θεοειδής,ADJ,1,Nom,Sing,Masc,,,,Ἕκτωρ Αἰνείας τ̓ ἠδὲ Χρομίος θεοειδής
17,577,HEKTOR,φίλος,φίλος,ADJ,1,Nom,Sing,Masc,,,,δήμου ἐπεί οἱ ἑταῖρος ἔην φίλος εἰλαπιναστής
17,693,HEKTOR,κορυθαίολος,κορυθαίολος,ADJ,1,Nom,Sing,Masc,,,,ἀτὰρ τά γε τεύχἐ ἔχει κορυθαίολος Ἕκτωρ .
17,754,HEKTOR,φαίδιμος,φαίδιμος,ADJ,1,Nom,Sing,Masc,,,,Αἰνείας τ̓ Ἀγχισιάδης καὶ φαίδιμος Ἕκτωρ
18,21,HEKTOR,κορυθαίολος,κορυθαίολος,ADJ,1,Nom,Sing,Masc,,,,ἀτὰρ τά γε τεύχἐ ἔχει κορυθαίολος Ἕκτωρ .
18,83,HEKTOR,δῃώσας,δηιόω,VERB,1,Nom,Sing,Masc,Aor,Act,Part,δῃώσας ἀπέδυσε πελώρια θαῦμα ἰδέσθαι
18,92,HEKTOR,πρῶτος,πρότερος,ADJ,1,Nom,Sing,Masc,,,,πρῶτος ἐμῷ ὑπὸ δουρὶ τυπεὶς ἀπὸ θυμὸν ὀλέσσῃ
18,92,HEKTOR,τυπεὶς,τύπτω,VERB,1,Nom,Sing,Masc,Aor,Pass,Part,πρῶτος ἐμῷ ὑπὸ δουρὶ τυπεὶς ἀπὸ θυμὸν ὀλέσσῃ
18,131,HEKTOR,κορυθαίολος,κορυθαίολος,ADJ,1,Nom,Sing,Masc,,,,τὰ μὲν κορυθαίολος Ἕκτωρ ·
18,132,HEKTOR,αὐτὸς ἔχων,αὐτός ἔχω,ADJ+VERB,2,Nom,Sing,Masc,,,,αὐτὸς ἔχων ὤμοισιν ἀγάλλεται
18,154,HEKTOR,εἴκελος,εἴκελος,ADJ,1,Nom,Sing,Masc,,,,Ἕκτωρ τε Πριάμοιο πάϊς φλογὶ εἴκελος ἀλκήν
18,155,HEKTOR,φαίδιμος,φαίδιμος,ADJ,1,Nom,Sing,Masc,,,,"τρὶς μέν μιν μετόπισθε ποδῶν λάβε φαίδιμος Ἕκτωρ , ·"
18,156,HEKTOR,μεμαώς,μέμαα,VERB,1,Nom,Sing,Masc,Perf,Act,Part,ἑλκέμεναι μεμαώς μέγα δὲ Τρώεσσιν ὁμόκλα
18,175,HEKTOR,φαίδιμος,φαίδιμος,ADJ,1,Nom,Sing,Masc,,,,μάλιστα δὲ φαίδιμος Ἕκτωρ ·
18,284,HEKTOR,ἰδὼν,εἶδον,VERB,1,Nom,Sing,Masc,Aor,Act,Part,τὸν δ̓ ἄῤ ὑπόδρα ἰδὼν προσέφη κορυθαίολος Ἕκτωρ ·
18,284,HEKTOR,κορυθαίολος,κορυθαίολος,ADJ,1,Nom,Sing,Masc,,,,τὸν δ̓ ἄῤ ὑπόδρα ἰδὼν προσέφη κορυθαίολος Ἕκτωρ ·
19,134,HEKTOR,μέγας κορυθαίολος,μέγας κορυθαίολος,ADJ+ADJ,2,Nom,Sing,Masc,,,,"ὣς καὶ ἐγών , ὅτε δ̓ αὖτε μέγας κορυθαίολος Ἕκτωρ , ."
2,816,HEKTOR,μέγας κορυθαίολος,μέγας κορυθαίολος,ADJ+ADJ,2,Nom,Sing,Masc,,,,Τρωσὶ μὲν ἡγεμόνευε μέγας κορυθαίολος Ἕκτωρ ·
20,364,HEKTOR,φαίδιμος,φαίδιμος,ADJ,1,Nom,Sing,Masc,,,,"Τρώεσσι δὲ φαίδιμος Ἕκτωρ , ·"
20,365,HEKTOR,ὁμοκλήσας,ὁμοκλέω,VERB,1,Nom,Sing,Masc,Aor,Act,Part,κέκλεθ̓ ὁμοκλήσας φάτο δ̓ ἴμεναι ἄντ̓ Ἀχιλῆος
20,380,HEKTOR,ταρβήσας,ταρβέω,VERB,1,Nom,Sing,Masc,Aor,Act,Part,ταρβήσας ὅτ̓ ἄκουσε θεοῦ ὄπα φωνήσαντος
20,430,HEKTOR,ταρβήσας,ταρβέω,VERB,1,Nom,Sing,Masc,Aor,Act,Part,τὸν δ̓ οὐ ταρβήσας προσέφη κορυθαίολος Ἕκτωρ ·
20,430,HEKTOR,κορυθαίολος,κορυθαίολος,ADJ,1,Nom,Sing,Masc,,,,τὸν δ̓ οὐ ταρβήσας προσέφη κορυθαίολος Ἕκτωρ ·
21,5,HEKTOR,φαίδιμος,φαίδιμος,ADJ,1,Nom,Sing,Masc,,,,ἤματι τῷ προτέρῳ ὅτε μαίνετο φαίδιμος Ἕκτωρ
21,279,HEKTOR,ἄριστος,ἄριστος,ADJ,1,Nom,Sing,Masc,,,,ὥς μ̓ ὄφελ̓ Ἕκτωρ κτεῖναι ὃς ἐνθάδε γ̓ ἔτραφ̓ ἄριστος ·
22,96,HEKTOR,ἔχων,ἔχω,VERB,1,Nom,Sing,Masc,Pres,Act,Part,ὣς Ἕκτωρ ἄσβεστον ἔχων μένος οὐχ ὑπεχώρει ·
22,107,HEKTOR,πιθήσας,πείθω,VERB,1,Nom,Sing,Masc,Aor,Act,Part,Ἕκτωρ ἧφι βίηφι πιθήσας ὤλεσε λαόν .
22,143,HEKTOR,ἐμμεμαὼς,ἐμμεμαώς,VERB,1,Nom,Sing,Masc,Perf,Act,Part,"ὣς ἄῤ ὅ γ̓ ἐμμεμαὼς ἰθὺς πέτετο , τρέσε δ̓ Ἕκτωρ , ."
22,232,HEKTOR,μέγας κορυθαίολος,μέγας κορυθαίολος,ADJ+ADJ,2,Nom,Sing,Masc,,,,τὴν δ̓ αὖτε προσέειπε μέγας κορυθαίολος Ἕκτωρ ·
22,249,HEKTOR,πρότερος,πρότερος,ADJ,1,Nom,Sing,Masc,,,,τὸν πρότερος προσέειπε μέγας κορυθαίολος Ἕκτωρ
22,249,HEKTOR,μέγας κορυθαίολος,μέγας κορυθαίολος,ADJ+ADJ,2,Nom,Sing,Masc,,,,τὸν πρότερος προσέειπε μέγας κορυθαίολος Ἕκτωρ
22,274,HEKTOR,ἰδὼν,εἶδον,VERB,1,Nom,Sing,Masc,Aor,Act,Part,καὶ τὸ μὲν ἄντα ἰδὼν ἠλεύατο φαίδιμος Ἕκτωρ ·
22,274,HEKTOR,φαίδιμος,φαίδιμος,ADJ,1,Nom,Sing,Masc,,,,καὶ τὸ μὲν ἄντα ἰδὼν ἠλεύατο φαίδιμος Ἕκτωρ ·
22,311,HEKTOR,τινάσσων,τινάσσω,VERB,1,Nom,Sing,Masc,Pres,Act,Part,ὣς Ἕκτωρ οἴμησε τινάσσων φάσγανον ὀξύ .
22,337,HEKTOR,ὀλιγοδρανέων,ὀλιγοδρανέων,VERB,1,Nom,Sing,Masc,Pres,Act,Part,τὸν δ̓ ὀλιγοδρανέων προσέφη κορυθαίολος Ἕκτωρ ·
22,337,HEKTOR,κορυθαίολος,κορυθαίολος,ADJ,1,Nom,Sing,Masc,,,,τὸν δ̓ ὀλιγοδρανέων προσέφη κορυθαίολος Ἕκτωρ ·
22,355,HEKTOR,καταθνῄσκων,καταθνήσκω,VERB,1,Nom,Sing,Masc,Pres,Act,Part,τὸν δὲ καταθνῄσκων προσέφη κορυθαίολος Ἕκτωρ ·
22,355,HEKTOR,κορυθαίολος,κορυθαίολος,ADJ,1,Nom,Sing,Masc,,,,τὸν δὲ καταθνῄσκων προσέφη κορυθαίολος Ἕκτωρ ·
22,373,HEKTOR,μαλακώτερος,μαλακός,ADJ,1,Nom,Sing,Masc,,,,"ὢ πόποι , ἦ μάλα δὴ μαλακώτερος ἀμφαφάασθαι . [0]"
22,471,HEKTOR,κορυθαίολος,κορυθαίολος,ADJ,1,Nom,Sing,Masc,,,,ἤματι τῷ ὅτε μιν κορυθαίολος ἠγάγεθ̓ Ἕκτωρ
24,58,HEKTOR,θνητός,θνητός,ADJ,1,Nom,Sing,Masc,,,,Ἕκτωρ μὲν θνητός τε γυναῖκά τε θήσατο μαζόν · [0]
24,67,HEKTOR,φίλτατος,φίλτατος,ADJ,1,Nom,Sing,Masc,,,,φίλτατος ἔσκε θεοῖσι βροτῶν οἳ ἐν Ἰλίῳ εἰσίν
24,554,HEKTOR,ἀκηδής,ἀκηδής,ADJ,1,Nom,Sing,Masc,,,,κεῖται ἐνὶ κλισίῃσιν ἀκηδής ἀλλὰ τάχιστα
24,736,HEKTOR,χωόμενος,χώομαι,VERB,1,Nom,Sing,Masc,Pres,Mp,Part,χωόμενος ᾧ δή που ἀδελφεὸν ἔκτανεν Ἕκτωρ
3,38,HEKTOR,ἰδὼν,εἶδον,VERB,1,Nom,Sing,Masc,Aor,Act,Part,τὸν δ̓ Ἕκτωρ νείκεσσεν ἰδὼν αἰσχροῖς ἐπέεσσιν ·
3,76,HEKTOR,ἀκούσας,ἀκούω,VERB,1,Nom,Sing,Masc,Aor,Act,Part,"ὣς ἔφαθ̓ , Ἕκτωρ δ̓ αὖτ̓ ἐχάρη μέγα μῦθον ἀκούσας , ·"
3,83,HEKTOR,κορυθαίολος,κορυθαίολος,ADJ,1,Nom,Sing,Masc,,,,στεῦται γάρ τι ἔπος ἐρέειν κορυθαίολος Ἕκτωρ .
3,314,HEKTOR,δῖος,δῖος,ADJ,1,Nom,Sing,Masc,,,,"Ἕκτωρ δὲ Πριάμοιο πάϊς καὶ δῖος Ὀδυσσεὺς , , . [0] [1]"
3,324,HEKTOR,μέγας κορυθαίολος,μέγας κορυθαίολος,ADJ+ADJ,2,Nom,Sing,Masc,,,,"ὣς ἄῤ ἔφαν , πάλλεν δὲ μέγας κορυθαίολος Ἕκτωρ ·"
3,325,HEKTOR,ὁρόων,ὁράω,VERB,1,Nom,Sing,Masc,Pres,Act,Part,ἂψ ὁρόων
4,505,HEKTOR,φαίδιμος,φαίδιμος,ADJ,1,Nom,Sing,Masc,,,,χώρησαν δ̓ ὑπό τε πρόμαχοι καὶ φαίδιμος Ἕκτωρ ·
5,680,HEKTOR,μέγας κορυθαίολος,μέγας κορυθαίολος,ADJ+ADJ,2,Nom,Sing,Masc,,,,εἰ μὴ ἄῤ ὀξὺ νόησε μέγας κορυθαίολος Ἕκτωρ
5,689,HEKTOR,κορυθαίολος,κορυθαίολος,ADJ,1,Nom,Sing,Masc,,,,"ὣς φάτο , τὸν δ̓ οὔ τι προσέφη κορυθαίολος Ἕκτωρ , , ."
5,690,HEKTOR,λελιημένος,λελίημαι,VERB,1,Nom,Sing,Masc,Perf,Mp,Part,ἀλλὰ παρήϊξεν λελιημένος ὄφρα τάχιστα
5,704,HEKTOR,χάλκεος,χάλκεος,ADJ,1,Nom,Sing,Masc,,,,Ἕκτωρ τε Πριάμοιο πάϊς καὶ χάλκεος Ἄρης
6,110,HEKTOR,ἀΰσας,αὔω,VERB,1,Nom,Sing,Masc,Aor,Act,Part,Ἕκτωρ δὲ Τρώεσσιν ἐκέκλετο μακρὸν ἀΰσας ·
6,116,HEKTOR,φωνήσας,φωνέω,VERB,1,Nom,Sing,Masc,Aor,Act,Part,ὣς ἄρα φωνήσας ἀπέβη κορυθαίολος Ἕκτωρ ·
6,116,HEKTOR,κορυθαίολος,κορυθαίολος,ADJ,1,Nom,Sing,Masc,,,,ὣς ἄρα φωνήσας ἀπέβη κορυθαίολος Ἕκτωρ ·
6,263,HEKTOR,μέγας κορυθαίολος,μέγας κορυθαίολος,ADJ+ADJ,2,Nom,Sing,Masc,,,,τὴν δ̓ ἠμείβετ̓ ἔπειτα μέγας κορυθαίολος Ἕκτωρ ·
6,318,HEKTOR,φίλος,φίλος,ADJ,1,Nom,Sing,Masc,,,,"ἔνθ̓ Ἕκτωρ εἰσῆλθε Διῒ φίλος , ἐν δ̓ ἄρα χειρὶ ·"
6,325,HEKTOR,ἰδὼν,εἶδον,VERB,1,Nom,Sing,Masc,Aor,Act,Part,τὸν δ̓ Ἕκτωρ νείκεσσεν ἰδὼν αἰσχροῖς ἐπέεσσι ·
6,342,HEKTOR,κορυθαίολος,κορυθαίολος,ADJ,1,Nom,Sing,Masc,,,,"ὣς φάτο , τὸν δ̓ οὔ τι προσέφη κορυθαίολος Ἕκτωρ ·"
6,359,HEKTOR,μέγας κορυθαίολος,μέγας κορυθαίολος,ADJ+ADJ,2,Nom,Sing,Masc,,,,τὴν δ̓ ἠμείβετ̓ ἔπειτα μέγας κορυθαίολος Ἕκτωρ ·
6,369,HEKTOR,φωνήσας,φωνέω,VERB,1,Nom,Sing,Masc,Aor,Act,Part,ὣς ἄρα φωνήσας ἀπέβη κορυθαίολος Ἕκτωρ ·
6,369,HEKTOR,κορυθαίολος,κορυθαίολος,ADJ,1,Nom,Sing,Masc,,,,ὣς ἄρα φωνήσας ἀπέβη κορυθαίολος Ἕκτωρ ·
6,403,HEKTOR,οἶος,οἶος,ADJ,1,Nom,Sing,Masc,,,,οἶος γὰρ ἐρύετο Ἴλιον Ἕκτωρ .
6,440,HEKTOR,μέγας κορυθαίολος,μέγας κορυθαίολος,ADJ+ADJ,2,Nom,Sing,Masc,,,,τὴν δ̓ αὖτε προσέειπε μέγας κορυθαίολος Ἕκτωρ ·
6,466,HEKTOR,εἰπὼν,εἶπον,VERB,1,Nom,Sing,Masc,Aor,Act,Part,ὣς εἰπὼν οὗ παιδὸς ὀρέξατο φαίδιμος Ἕκτωρ ·
6,466,HEKTOR,φαίδιμος,φαίδιμος,ADJ,1,Nom,Sing,Masc,,,,ὣς εἰπὼν οὗ παιδὸς ὀρέξατο φαίδιμος Ἕκτωρ ·
6,494,HEKTOR,φωνήσας,φωνέω,VERB,1,Nom,Sing,Masc,Aor,Act,Part,ὣς ἄρα φωνήσας κόρυθ̓ εἵλετο φαίδιμος Ἕκτωρ ·
6,494,HEKTOR,φαίδιμος,φαίδιμος,ADJ,1,Nom,Sing,Masc,,,,ὣς ἄρα φωνήσας κόρυθ̓ εἵλετο φαίδιμος Ἕκτωρ ·
6,520,HEKTOR,ἀπαμειβόμενος,ἀπαμείβομαι,VERB,1,Nom,Sing,Masc,Pres,Mp,Part,τὸν δ̓ ἀπαμειβόμενος προσέφη κορυθαίολος Ἕκτωρ ·
6,520,HEKTOR,κορυθαίολος,κορυθαίολος,ADJ,1,Nom,Sing,Masc,,,,τὸν δ̓ ἀπαμειβόμενος προσέφη κορυθαίολος Ἕκτωρ ·
7,1,HEKTOR,εἰπὼν,εἶπον,VERB,1,Nom,Sing,Masc,Aor,Act,Part,"ὣς εἰπὼν πυλέων ἐξέσσυτο φαίδιμος Ἕκτωρ , ·"
7,1,HEKTOR,φαίδιμος,φαίδιμος,ADJ,1,Nom,Sing,Masc,,,,"ὣς εἰπὼν πυλέων ἐξέσσυτο φαίδιμος Ἕκτωρ , ·"
7,54,HEKTOR,ἀκούσας,ἀκούω,VERB,1,Nom,Sing,Masc,Aor,Act,Part,"ὣς ἔφαθ̓ , Ἕκτωρ δ̓ αὖτε χάρη μέγα μῦθον ἀκούσας , , ·"
7,90,HEKTOR,φαίδιμος,φαίδιμος,ADJ,1,Nom,Sing,Masc,,,,ὅν ποτ̓ ἀριστεύοντα κατέκτανε φαίδιμος Ἕκτωρ
7,158,HEKTOR,κορυθαίολος,κορυθαίολος,ADJ,1,Nom,Sing,Masc,,,,τώ κε τάχ̓ ἀντήσειε μάχης κορυθαίολος Ἕκτωρ .
7,233,HEKTOR,μέγας κορυθαίολος,μέγας κορυθαίολος,ADJ+ADJ,2,Nom,Sing,Masc,,,,τὸν δ̓ αὖτε προσέειπε μέγας κορυθαίολος Ἕκτωρ ·
7,263,HEKTOR,κορυθαίολος,κορυθαίολος,ADJ,1,Nom,Sing,Masc,,,,ἀλλ̓ οὐ δ̓ ὧς ἀπέληγε μάχης κορυθαίολος Ἕκτωρ
7,264,HEKTOR,ἀναχασσάμενος,ἀναχάζω,VERB,1,Nom,Sing,Masc,Aor,,Part,ἀλλ̓ ἀναχασσάμενος λίθον εἵλετο χειρὶ παχείῃ
7,287,HEKTOR,μέγας κορυθαίολος,μέγας κορυθαίολος,ADJ+ADJ,2,Nom,Sing,Masc,,,,τὸν δ̓ αὖτε προσέειπε μέγας κορυθαίολος Ἕκτωρ ·
8,148,HEKTOR,ἀγορεύων,ἀγορεύω,VERB,1,Nom,Sing,Masc,Pres,Act,Part,Ἕκτωρ γάρ ποτε φήσει ἐνὶ Τρώεσσ̓ ἀγορεύων ·
8,160,HEKTOR,μέγας κορυθαίολος,μέγας κορυθαίολος,ADJ+ADJ,2,Nom,Sing,Masc,,,,τῷ δ̓ ἐπὶ μακρὸν ἄϋσε μέγας κορυθαίολος Ἕκτωρ ·
8,172,HEKTOR,ἀΰσας,αὔω,VERB,1,Nom,Sing,Masc,Aor,Act,Part,Ἕκτωρ δὲ Τρώεσσιν ἐκέκλετο μακρὸν ἀΰσας ·
8,215,HEKTOR,ἀτάλαντος,ἀτάλαντος,ADJ,1,Nom,Sing,Masc,,,,"εἴλει δὲ θοῷ ἀτάλαντος Ἄρηϊ , ."
8,324,HEKTOR,κορυθαίολος,κορυθαίολος,ADJ,1,Nom,Sing,Masc,,,,"τὸν δ̓ αὖ κορυθαίολος Ἕκτωρ , , , , ·"
8,337,HEKTOR,βλεμεαίνων,βλεμεαίνω,VERB,1,Nom,Sing,Masc,Pres,Act,Part,Ἕκτωρ δ̓ ἐν πρώτοισι κίε σθένεϊ βλεμεαίνων .
8,342,HEKTOR,ἀποκτείνων,ἀποκτείνω,VERB,1,Nom,Sing,Masc,Pres,Act,Part,αἰὲν ἀποκτείνων τὸν ὀπίστατον
8,349,HEKTOR,ἔχων,ἔχω,VERB,1,Nom,Sing,Masc,Pres,Act,Part,Γοργοῦς ὄμματ̓ ἔχων ἠδὲ βροτολοιγοῦ Ἄρηος
8,377,HEKTOR,κορυθαίολος,κορυθαίολος,ADJ,1,Nom,Sing,Masc,,,,ἢ νῶϊ Πριάμοιο πάϊς κορυθαίολος Ἕκτωρ
8,473,HEKTOR,ὄβριμος,ὄβριμος,ADJ,1,Nom,Sing,Masc,,,,"οὐ γὰρ πρὶν πολέμου ἀποπαύσεται ὄβριμος Ἕκτωρ , ·"
8,489,HEKTOR,φαίδιμος,φαίδιμος,ADJ,1,Nom,Sing,Masc,,,,"Τρώων αὖτ̓ ἀγορὴν ποιήσατο φαίδιμος Ἕκτωρ , ."
8,490,HEKTOR,ἀγαγὼν,ἄγω,VERB,1,Nom,Sing,Masc,Aor,Act,Part,νόσφι νεῶν ἀγαγὼν ποταμῷ ἔπι δινήεντι
8,493,HEKTOR,φίλος,φίλος,ADJ,1,Nom,Sing,Masc,,,,τόν ῥ̓ Ἕκτωρ ἀγόρευε Διῒ φίλος
9,237,HEKTOR,βλεμεαίνων,βλεμεαίνω,VERB,1,Nom,Sing,Masc,Pres,Act,Part,"Ἕκτωρ δὲ μέγα σθένεϊ βλεμεαίνων , · [0]"
9,238,HEKTOR,πίσυνος,πίσυνος,ADJ,1,Nom,Sing,Masc,,,,μαίνεται ἐκπάγλως πίσυνος Διί οὐ δέ τι τίει
